ablation_id,evaluation_split,augmented_max,augmented_mean,canonical_max,canonical_mean,canonical_minus_augmented_mean,comparison_average_set_size,comparison_coverage,comparison_mean_acquisition_cost,comparison_six_way_macro_f1,comparison_source_bit_macro_f1,controller_latency_ms_mean,maximum_budget,measured_examples,metric,normalized_latency_mean,reference_average_set_size,reference_coverage,reference_mean_acquisition_cost,reference_minus_comparison_average_set_size,reference_minus_comparison_coverage,reference_minus_comparison_mean_acquisition_cost,reference_minus_comparison_six_way_macro_f1,reference_minus_comparison_source_bit_macro_f1,reference_six_way_macro_f1,reference_source_bit_macro_f1,row_count,target_coverage,total_generation_latency_ms_mean
deep_sets_vs_gru,val,,,,,,2.2215099715099713,0.8547008547008547,1.0,0.5595693596121704,0.8921784177814555,,1,,,,2.5947293447293447,0.8625356125356125,1.0,0.3732193732193734,0.007834757834757844,0.0,0.020065678744093707,0.0059021106547054725,0.5796350383562641,0.8980805284361609,1404,0.9,
deep_sets_vs_gru,val,,,,,,1.7585470085470085,0.8212250712250713,1.9935897435897436,0.7166851933312576,0.9442830388421716,,2,,,,2.1253561253561255,0.8376068376068376,1.9985754985754987,0.366809116809117,0.01638176638176636,0.004985754985755042,-0.009426892500059791,0.005632392225776273,0.7072583008311978,0.9499154310679478,1404,0.9,
deep_sets_vs_gru,val,,,,,,1.7058404558404558,0.8497150997150997,3.7243589743589745,0.8185374818776999,0.9835800542807612,,4,,,,1.8183760683760684,0.8069800569800569,3.8732193732193734,0.1125356125356125,-0.042735042735042805,0.14886039886039892,-0.012072140263621911,0.0008792161881912008,0.806465341614078,0.9844592704689524,1404,0.9,
deep_sets_vs_masked_slot_mlp,val,,,,,,1.9914529914529915,0.7955840455840456,1.0,0.5579606991079835,0.908714745845844,,1,,,,2.5947293447293447,0.8625356125356125,1.0,0.6032763532763532,0.0669515669515669,0.0,0.02167433924828055,-0.010634217409683067,0.5796350383562641,0.8980805284361609,1404,0.9,
deep_sets_vs_masked_slot_mlp,val,,,,,,1.455128205128205,0.7877492877492878,2.0,0.6903532855521352,0.9480625619893971,,2,,,,2.1253561253561255,0.8376068376068376,1.9985754985754987,0.6702279202279204,0.049857549857549865,-0.0014245014245013454,0.01690501527906263,0.0018528690785507562,0.7072583008311978,0.9499154310679478,1404,0.9,
deep_sets_vs_masked_slot_mlp,val,,,,,,1.4907407407407407,0.7913105413105413,3.8304843304843303,0.7823644408700786,0.9789692051214689,,4,,,,1.8183760683760684,0.8069800569800569,3.8732193732193734,0.32763532763532766,0.015669515669515577,0.04273504273504303,0.0241009007439994,0.00549006534748353,0.806465341614078,0.9844592704689524,1404,0.9,
no_budget_embedding,val,,,,,,2.368945868945869,0.8696581196581197,1.0,0.5867622329380962,0.8926292978230412,,1,,,,2.5947293447293447,0.8625356125356125,1.0,0.22578347578347557,-0.007122507122507171,0.0,-0.007127194581832086,0.005451230613119695,0.5796350383562641,0.8980805284361609,1404,0.9,
no_budget_embedding,val,,,,,,2.8874643874643873,0.9401709401709402,1.0,0.5867622329380962,0.8926292978230412,,1,,,,3.0035612535612537,0.9131054131054132,1.0,0.11609686609686642,-0.027065527065527006,0.0,-0.007127194581832086,0.005451230613119695,0.5796350383562641,0.8980805284361609,1404,0.95,
no_budget_embedding,val,,,,,,1.789173789173789,0.8411680911680912,2.0,0.6993137138582896,0.9456656426385832,,2,,,,2.1253561253561255,0.8376068376068376,1.9985754985754987,0.3361823361823364,-0.0035612535612535856,-0.0014245014245013454,0.00794458697290823,0.0042497884293646315,0.7072583008311978,0.9499154310679478,1404,0.9,
no_budget_embedding,val,,,,,,2.495014245014245,0.9309116809116809,2.0,0.6993137138582896,0.9456656426385832,,2,,,,2.690883190883191,0.9031339031339032,1.9985754985754987,0.19586894586894577,-0.02777777777777768,-0.0014245014245013454,0.00794458697290823,0.0042497884293646315,0.7072583008311978,0.9499154310679478,1404,0.95,
no_budget_embedding,val,,,,,,1.670940170940171,0.8304843304843305,2.948005698005698,0.7537171915373732,0.9668861558286913,,3,,,,1.9024216524216524,0.8133903133903134,2.990740740740741,0.2314814814814814,-0.017094017094017033,0.04273504273504303,0.02913419890301916,0.006009125800119586,0.7828513904403923,0.9728952816288109,1404,0.9,
no_budget_embedding,val,,,,,,2.5883190883190883,0.9038461538461539,2.948005698005698,0.7537171915373732,0.9668861558286913,,3,,,,2.7037037037037037,0.8974358974358975,2.990740740740741,0.11538461538461542,-0.0064102564102563875,0.04273504273504303,0.02913419890301916,0.006009125800119586,0.7828513904403923,0.9728952816288109,1404,0.95,
no_budget_embedding,val,,,,,,1.6673789173789173,0.8190883190883191,3.844017094017094,0.807510265850353,0.9809301173365478,,4,,,,1.8183760683760684,0.8069800569800569,3.8732193732193734,0.15099715099715105,-0.012108262108262213,0.029202279202279247,-0.0010449242362750022,0.00352915313240465,0.806465341614078,0.9844592704689524,1404,0.9,
no_budget_embedding,val,,,,,,2.7222222222222223,0.9038461538461539,3.844017094017094,0.807510265850353,0.9809301173365478,,4,,,,2.777065527065527,0.8881766381766382,3.8732193732193734,0.054843304843304796,-0.015669515669515688,0.029202279202279247,-0.0010449242362750022,0.00352915313240465,0.806465341614078,0.9844592704689524,1404,0.95,
no_budget_embedding,val,,,,,,1.816951566951567,0.8183760683760684,4.854700854700854,0.8446869889495462,0.9931442945490553,,7,,,,1.7542735042735043,0.8162393162393162,5.061253561253562,-0.06267806267806275,-0.002136752136752129,0.2065527065527073,0.004609086496984993,0.001699981001597406,0.8492960754465312,0.9948442755506527,1404,0.9,
no_budget_embedding,val,,,,,,2.826210826210826,0.9002849002849003,4.854700854700854,0.8446869889495462,0.9931442945490553,,7,,,,3.572649572649573,0.8867521367521367,5.061253561253562,0.7464387464387467,-0.013532763532763559,0.2065527065527073,0.004609086496984993,0.001699981001597406,0.8492960754465312,0.9948442755506527,1404,0.95,
no_stop_action,val,,,,,,2.5947293447293447,0.8625356125356125,1.0,0.5796350383562641,0.8980805284361609,,1,,,,2.5947293447293447,0.8625356125356125,1.0,0.0,0.0,0.0,0.0,0.0,0.5796350383562641,0.8980805284361609,1404,0.9,
no_stop_action,val,,,,,,3.0035612535612537,0.9131054131054132,1.0,0.5796350383562641,0.8980805284361609,,1,,,,3.0035612535612537,0.9131054131054132,1.0,0.0,0.0,0.0,0.0,0.0,0.5796350383562641,0.8980805284361609,1404,0.95,
no_stop_action,val,,,,,,2.1253561253561255,0.8376068376068376,2.0,0.7072583008311978,0.9499154310679478,,2,,,,2.1253561253561255,0.8376068376068376,1.9985754985754987,0.0,0.0,-0.0014245014245013454,0.0,0.0,0.7072583008311978,0.9499154310679478,1404,0.9,
no_stop_action,val,,,,,,2.690883190883191,0.9031339031339032,2.0,0.7072583008311978,0.9499154310679478,,2,,,,2.690883190883191,0.9031339031339032,1.9985754985754987,0.0,0.0,-0.0014245014245013454,0.0,0.0,0.7072583008311978,0.9499154310679478,1404,0.95,
no_stop_action,val,,,,,,1.9024216524216524,0.8133903133903134,3.0,0.7828513904403923,0.9728952816288109,,3,,,,1.9024216524216524,0.8133903133903134,2.990740740740741,0.0,0.0,-0.009259259259259078,0.0,0.0,0.7828513904403923,0.9728952816288109,1404,0.9,
no_stop_action,val,,,,,,2.700854700854701,0.8967236467236467,3.0,0.7828513904403923,0.9728952816288109,,3,,,,2.7037037037037037,0.8974358974358975,2.990740740740741,0.002849002849002691,0.0007122507122507837,-0.009259259259259078,0.0,0.0,0.7828513904403923,0.9728952816288109,1404,0.95,
no_stop_action,val,,,,,,1.8361823361823362,0.8247863247863247,4.0,0.806465341614078,0.9847150766109296,,4,,,,1.8183760683760684,0.8069800569800569,3.8732193732193734,-0.017806267806267817,-0.017806267806267817,-0.12678062678062663,0.0,-0.0002558061419771773,0.806465341614078,0.9844592704689524,1404,0.9,
no_stop_action,val,,,,,,2.735042735042735,0.8881766381766382,4.0,0.806465341614078,0.9847150766109296,,4,,,,2.777065527065527,0.8881766381766382,3.8732193732193734,0.04202279202279202,0.0,-0.12678062678062663,0.0,-0.0002558061419771773,0.806465341614078,0.9844592704689524,1404,0.95,
no_stop_action,val,,,,,,1.814102564102564,0.8703703703703703,6.011396011396012,0.8582522796095753,0.9970492589980061,,7,,,,1.7542735042735043,0.8162393162393162,5.061253561253562,-0.05982905982905984,-0.054131054131054124,-0.95014245014245,-0.008956204163044101,-0.0022049834473534258,0.8492960754465312,0.9948442755506527,1404,0.9,
no_stop_action,val,,,,,,3.5263532763532766,0.8974358974358975,6.011396011396012,0.8582522796095753,0.9970492589980061,,7,,,,3.572649572649573,0.8867521367521367,5.061253561253562,0.04629629629629628,-0.010683760683760757,-0.95014245014245,-0.008956204163044101,-0.0022049834473534258,0.8492960754465312,0.9948442755506527,1404,0.95,
no_voi_training,val,,,,,,2.6666666666666665,0.8717948717948718,1.0,0.5856245136897642,0.894489951672881,,1,,,,2.5947293447293447,0.8625356125356125,1.0,-0.07193732193732183,-0.0092592592592593,0.0,-0.005989475333500138,0.0035905767632798957,0.5796350383562641,0.8980805284361609,1404,0.9,
no_voi_training,val,,,,,,3.1018518518518516,0.9430199430199431,1.0,0.5856245136897642,0.894489951672881,,1,,,,3.0035612535612537,0.9131054131054132,1.0,-0.09829059829059794,-0.02991452991452992,0.0,-0.005989475333500138,0.0035905767632798957,0.5796350383562641,0.8980805284361609,1404,0.95,
no_voi_training,val,,,,,,2.1972934472934473,0.8368945868945868,1.995014245014245,0.7111841966690968,0.9368216143902206,,2,,,,2.1253561253561255,0.8376068376068376,1.9985754985754987,-0.07193732193732183,0.0007122507122507837,0.0035612535612536966,-0.0039258958378990405,0.013093816677727244,0.7072583008311978,0.9499154310679478,1404,0.9,
no_voi_training,val,,,,,,2.7884615384615383,0.9166666666666666,1.995014245014245,0.7111841966690968,0.9368216143902206,,2,,,,2.690883190883191,0.9031339031339032,1.9985754985754987,-0.09757834757834738,-0.013532763532763448,0.0035612535612536966,-0.0039258958378990405,0.013093816677727244,0.7072583008311978,0.9499154310679478,1404,0.95,
no_voi_training,val,,,,,,2.004985754985755,0.8233618233618234,2.885327635327635,0.7831345085150364,0.9647179978065611,,3,,,,1.9024216524216524,0.8133903133903134,2.990740740740741,-0.10256410256410242,-0.009971509971509973,0.10541310541310578,-0.00028311807464409533,0.008177283822249803,0.7828513904403923,0.9728952816288109,1404,0.9,
no_voi_training,val,,,,,,2.7955840455840457,0.9166666666666666,2.885327635327635,0.7831345085150364,0.9647179978065611,,3,,,,2.7037037037037037,0.8974358974358975,2.990740740740741,-0.091880341880342,-0.019230769230769162,0.10541310541310578,-0.00028311807464409533,0.008177283822249803,0.7828513904403923,0.9728952816288109,1404,0.95,
no_voi_training,val,,,,,,1.8746438746438747,0.8212250712250713,3.5676638176638176,0.8133666213912862,0.9792948942558998,,4,,,,1.8183760683760684,0.8069800569800569,3.8732193732193734,-0.056267806267806364,-0.014245014245014342,0.3055555555555558,-0.006901279777208225,0.005164376213052657,0.806465341614078,0.9844592704689524,1404,0.9,
no_voi_training,val,,,,,,2.814814814814815,0.9002849002849003,3.5676638176638176,0.8133666213912862,0.9792948942558998,,4,,,,2.777065527065527,0.8881766381766382,3.8732193732193734,-0.03774928774928776,-0.012108262108262102,0.3055555555555558,-0.006901279777208225,0.005164376213052657,0.806465341614078,0.9844592704689524,1404,0.95,
no_voi_training,val,,,,,,1.8561253561253561,0.8368945868945868,4.513532763532764,0.8494494776287543,0.9883650739069744,,7,,,,1.7542735042735043,0.8162393162393162,5.061253561253562,-0.10185185185185186,-0.02065527065527062,0.5477207977207978,-0.00015340218222315016,0.006479201643678323,0.8492960754465312,0.9948442755506527,1404,0.9,
no_voi_training,val,,,,,,3.74002849002849,0.8995726495726496,4.513532763532764,0.8494494776287543,0.9883650739069744,,7,,,,3.572649572649573,0.8867521367521367,5.061253561253562,-0.16737891737891708,-0.012820512820512886,0.5477207977207978,-0.00015340218222315016,0.006479201643678323,0.8492960754465312,0.9948442755506527,1404,0.95,
loss_only_voi,val,,,,,,2.780626780626781,0.9088319088319088,1.0,0.5926558814386408,0.9199017985224686,,1,,,,2.5947293447293447,0.8625356125356125,1.0,-0.18589743589743613,-0.04629629629629628,0.0,-0.01302084308237672,-0.02182127008630763,0.5796350383562641,0.8980805284361609,1404,0.9,
loss_only_voi,val,,,,,,3.1666666666666665,0.9373219373219374,1.0,0.5926558814386408,0.9199017985224686,,1,,,,3.0035612535612537,0.9131054131054132,1.0,-0.16310541310541282,-0.024216524216524205,0.0,-0.01302084308237672,-0.02182127008630763,0.5796350383562641,0.8980805284361609,1404,0.95,
loss_only_voi,val,,,,,,2.2856125356125356,0.8881766381766382,2.0,0.7192143980891457,0.9573536197440079,,2,,,,2.1253561253561255,0.8376068376068376,1.9985754985754987,-0.16025641025641013,-0.05056980056980054,-0.0014245014245013454,-0.011956097257947884,-0.0074381886760600535,0.7072583008311978,0.9499154310679478,1404,0.9,
loss_only_voi,val,,,,,,2.7891737891737893,0.9145299145299145,2.0,0.7192143980891457,0.9573536197440079,,2,,,,2.690883190883191,0.9031339031339032,1.9985754985754987,-0.09829059829059839,-0.011396011396011319,-0.0014245014245013454,-0.011956097257947884,-0.0074381886760600535,0.7072583008311978,0.9499154310679478,1404,0.95,
loss_only_voi,val,,,,,,2.0448717948717947,0.8561253561253561,2.9074074074074074,0.7866491282567138,0.9753572979982271,,3,,,,1.9024216524216524,0.8133903133903134,2.990740740740741,-0.14245014245014231,-0.042735042735042694,0.08333333333333348,-0.0037977378163215336,-0.002462016369416231,0.7828513904403923,0.9728952816288109,1404,0.9,
loss_only_voi,val,,,,,,2.786324786324786,0.9009971509971509,2.9074074074074074,0.7866491282567138,0.9753572979982271,,3,,,,2.7037037037037037,0.8974358974358975,2.990740740740741,-0.08262108262108248,-0.0035612535612534746,0.08333333333333348,-0.0037977378163215336,-0.002462016369416231,0.7828513904403923,0.9728952816288109,1404,0.95,
loss_only_voi,val,,,,,,1.9223646723646723,0.8411680911680912,3.635327635327635,0.8151972830913645,0.9864079114267331,,4,,,,1.8183760683760684,0.8069800569800569,3.8732193732193734,-0.10398860398860399,-0.03418803418803429,0.23789173789173823,-0.008731941477286509,-0.0019486409577806896,0.806465341614078,0.9844592704689524,1404,0.9,
loss_only_voi,val,,,,,,2.8497150997150995,0.8931623931623932,3.635327635327635,0.8151972830913645,0.9864079114267331,,4,,,,2.777065527065527,0.8881766381766382,3.8732193732193734,-0.07264957264957239,-0.004985754985755042,0.23789173789173823,-0.008731941477286509,-0.0019486409577806896,0.806465341614078,0.9844592704689524,1404,0.95,
loss_only_voi,val,,,,,,1.9024216524216524,0.8568376068376068,4.4408831908831905,0.857898849718045,0.9970253667755539,,7,,,,1.7542735042735043,0.8162393162393162,5.061253561253562,-0.14814814814814814,-0.040598290598290565,0.6203703703703711,-0.008602774271513791,-0.002181091224901177,0.8492960754465312,0.9948442755506527,1404,0.9,
loss_only_voi,val,,,,,,3.7286324786324787,0.8903133903133903,4.4408831908831905,0.857898849718045,0.9970253667755539,,7,,,,3.572649572649573,0.8867521367521367,5.061253561253562,-0.15598290598290587,-0.0035612535612535856,0.6203703703703711,-0.008602774271513791,-0.002181091224901177,0.8492960754465312,0.9948442755506527,1404,0.95,
no_answer_flip,val,,,,,,2.3162393162393164,0.8675213675213675,1.0,0.5617759792750561,0.9006121019151592,,1,,,,2.5947293447293447,0.8625356125356125,1.0,0.27849002849002824,-0.004985754985755042,0.0,0.017859059081207995,-0.002531573478998239,0.5796350383562641,0.8980805284361609,1404,0.9,
no_answer_flip,val,,,,,,2.633903133903134,0.9508547008547008,1.0,0.5617759792750561,0.9006121019151592,,1,,,,3.0035612535612537,0.9131054131054132,1.0,0.3696581196581197,-0.03774928774928765,0.0,0.017859059081207995,-0.002531573478998239,0.5796350383562641,0.8980805284361609,1404,0.95,
no_answer_flip,val,,,,,,1.8034188034188035,0.8504273504273504,1.9957264957264957,0.6975916746394025,0.9516946635926952,,2,,,,2.1253561253561255,0.8376068376068376,1.9985754985754987,0.32193732193732205,-0.012820512820512775,0.002849002849002913,0.009666626191795258,-0.0017792325247473206,0.7072583008311978,0.9499154310679478,1404,0.9,
no_answer_flip,val,,,,,,2.1374643874643873,0.8938746438746439,1.9957264957264957,0.6975916746394025,0.9516946635926952,,2,,,,2.690883190883191,0.9031339031339032,1.9985754985754987,0.5534188034188037,0.0092592592592593,0.002849002849002913,0.009666626191795258,-0.0017792325247473206,0.7072583008311978,0.9499154310679478,1404,0.95,
no_answer_flip,val,,,,,,1.6958689458689458,0.8618233618233618,2.8803418803418803,0.7558700462379621,0.9729662514456477,,3,,,,1.9024216524216524,0.8133903133903134,2.990740740740741,0.20655270655270663,-0.04843304843304841,0.1103988603988606,0.026981344202430257,-7.096981683685222e-05,0.7828513904403923,0.9728952816288109,1404,0.9,
no_answer_flip,val,,,,,,2.3447293447293447,0.8981481481481481,2.8803418803418803,0.7558700462379621,0.9729662514456477,,3,,,,2.7037037037037037,0.8974358974358975,2.990740740740741,0.35897435897435903,-0.0007122507122506727,0.1103988603988606,0.026981344202430257,-7.096981683685222e-05,0.7828513904403923,0.9728952816288109,1404,0.95,
no_answer_flip,val,,,,,,1.6225071225071226,0.8547008547008547,3.5185185185185186,0.7962233910415285,0.98055427865718,,4,,,,1.8183760683760684,0.8069800569800569,3.8732193732193734,0.19586894586894577,-0.047720797720797736,0.3547008547008548,0.010241950572549507,0.003904991811772396,0.806465341614078,0.9844592704689524,1404,0.9,
no_answer_flip,val,,,,,,2.6452991452991452,0.905982905982906,3.5185185185185186,0.7962233910415285,0.98055427865718,,4,,,,2.777065527065527,0.8881766381766382,3.8732193732193734,0.1317663817663819,-0.017806267806267817,0.3547008547008548,0.010241950572549507,0.003904991811772396,0.806465341614078,0.9844592704689524,1404,0.95,
no_answer_flip,val,,,,,,1.6168091168091168,0.863960113960114,4.203703703703703,0.846269046363418,0.9931182596552309,,7,,,,1.7542735042735043,0.8162393162393162,5.061253561253562,0.1374643874643875,-0.047720797720797736,0.8575498575498584,0.003027029083113142,0.001726015895421762,0.8492960754465312,0.9948442755506527,1404,0.9,
no_answer_flip,val,,,,,,2.688746438746439,0.9180911680911681,4.203703703703703,0.846269046363418,0.9931182596552309,,7,,,,3.572649572649573,0.8867521367521367,5.061253561253562,0.883903133903134,-0.031339031339031376,0.8575498575498584,0.003027029083113142,0.001726015895421762,0.8492960754465312,0.9948442755506527,1404,0.95,
no_confidence_shift,val,,,,,,2.4266381766381766,0.8603988603988604,1.0,0.5828313659090273,0.9008351216187295,,1,,,,2.5947293447293447,0.8625356125356125,1.0,0.16809116809116809,0.002136752136752129,0.0,-0.003196327552763223,-0.0027545931825685432,0.5796350383562641,0.8980805284361609,1404,0.9,
no_confidence_shift,val,,,,,,2.7037037037037037,0.9131054131054132,1.0,0.5828313659090273,0.9008351216187295,,1,,,,3.0035612535612537,0.9131054131054132,1.0,0.29985754985755,0.0,0.0,-0.003196327552763223,-0.0027545931825685432,0.5796350383562641,0.8980805284361609,1404,0.95,
no_confidence_shift,val,,,,,,2.017094017094017,0.834045584045584,1.997150997150997,0.700180436681014,0.9471800156157392,,2,,,,2.1253561253561255,0.8376068376068376,1.9985754985754987,0.10826210826210847,0.0035612535612535856,0.0014245014245015675,0.007077864150183744,0.002735415452208678,0.7072583008311978,0.9499154310679478,1404,0.9,
no_confidence_shift,val,,,,,,2.3304843304843303,0.9002849002849003,1.997150997150997,0.700180436681014,0.9471800156157392,,2,,,,2.690883190883191,0.9031339031339032,1.9985754985754987,0.3603988603988606,0.002849002849002913,0.0014245014245015675,0.007077864150183744,0.002735415452208678,0.7072583008311978,0.9499154310679478,1404,0.95,
no_confidence_shift,val,,,,,,1.8468660968660968,0.8297720797720798,2.9366096866096867,0.7650574265856108,0.974018437365633,,3,,,,1.9024216524216524,0.8133903133903134,2.990740740740741,0.05555555555555558,-0.01638176638176636,0.054131054131054235,0.01779396385478149,-0.0011231557368220901,0.7828513904403923,0.9728952816288109,1404,0.9,
no_confidence_shift,val,,,,,,2.6232193732193734,0.8981481481481481,2.9366096866096867,0.7650574265856108,0.974018437365633,,3,,,,2.7037037037037037,0.8974358974358975,2.990740740740741,0.08048433048433035,-0.0007122507122506727,0.054131054131054235,0.01779396385478149,-0.0011231557368220901,0.7828513904403923,0.9728952816288109,1404,0.95,
no_confidence_shift,val,,,,,,1.7735042735042734,0.8247863247863247,3.801282051282051,0.8227939776716092,0.9859999896686239,,4,,,,1.8183760683760684,0.8069800569800569,3.8732193732193734,0.044871794871794934,-0.017806267806267817,0.07193732193732227,-0.01632863605753121,-0.0015407191996714698,0.806465341614078,0.9844592704689524,1404,0.9,
no_confidence_shift,val,,,,,,3.0235042735042734,0.9002849002849003,3.801282051282051,0.8227939776716092,0.9859999896686239,,4,,,,2.777065527065527,0.8881766381766382,3.8732193732193734,-0.2464387464387463,-0.012108262108262102,0.07193732193732227,-0.01632863605753121,-0.0015407191996714698,0.806465341614078,0.9844592704689524,1404,0.95,
no_confidence_shift,val,,,,,,2.1445868945868947,0.8361823361823362,4.814814814814815,0.8406694505121423,0.9927426779676836,,7,,,,1.7542735042735043,0.8162393162393162,5.061253561253562,-0.3903133903133904,-0.019943019943019946,0.24643874643874675,0.008626624934388927,0.002101597582969128,0.8492960754465312,0.9948442755506527,1404,0.9,
no_confidence_shift,val,,,,,,3.6517094017094016,0.8952991452991453,4.814814814814815,0.8406694505121423,0.9927426779676836,,7,,,,3.572649572649573,0.8867521367521367,5.061253561253562,-0.07905982905982878,-0.008547008547008628,0.24643874643874675,0.008626624934388927,0.002101597582969128,0.8492960754465312,0.9948442755506527,1404,0.95,
no_semantic_match,val,,,,,,2.284188034188034,0.8226495726495726,1.0,0.5386346224614278,0.876314029869583,,1,,,,2.5947293447293447,0.8625356125356125,1.0,0.3105413105413106,0.03988603988603989,0.0,0.04100041589483627,0.021766498566577974,0.5796350383562641,0.8980805284361609,1404,0.9,
no_semantic_match,val,,,,,,2.53988603988604,0.9266381766381766,1.0,0.5386346224614278,0.876314029869583,,1,,,,3.0035612535612537,0.9131054131054132,1.0,0.4636752136752138,-0.013532763532763448,0.0,0.04100041589483627,0.021766498566577974,0.5796350383562641,0.8980805284361609,1404,0.95,
no_semantic_match,val,,,,,,1.774928774928775,0.8027065527065527,1.9978632478632479,0.7024804898967383,0.9132620928191626,,2,,,,2.1253561253561255,0.8376068376068376,1.9985754985754987,0.3504273504273505,0.03490028490028496,0.0007122507122507837,0.004777810934459503,0.03665333824878525,0.7072583008311978,0.9499154310679478,1404,0.9,
no_semantic_match,val,,,,,,1.9650997150997151,0.8803418803418803,1.9978632478632479,0.7024804898967383,0.9132620928191626,,2,,,,2.690883190883191,0.9031339031339032,1.9985754985754987,0.7257834757834758,0.02279202279202286,0.0007122507122507837,0.004777810934459503,0.03665333824878525,0.7072583008311978,0.9499154310679478,1404,0.95,
no_semantic_match,val,,,,,,1.6787749287749287,0.7913105413105413,2.9038461538461537,0.7522626143552998,0.9336629266448014,,3,,,,1.9024216524216524,0.8133903133903134,2.990740740740741,0.22364672364672367,0.022079772079772075,0.08689458689458718,0.030588776085092473,0.039232354984009454,0.7828513904403923,0.9728952816288109,1404,0.9,
no_semantic_match,val,,,,,,1.8653846153846154,0.8725071225071225,2.9038461538461537,0.7522626143552998,0.9336629266448014,,3,,,,2.7037037037037037,0.8974358974358975,2.990740740740741,0.8383190883190883,0.024928774928774988,0.08689458689458718,0.030588776085092473,0.039232354984009454,0.7828513904403923,0.9728952816288109,1404,0.95,
no_semantic_match,val,,,,,,1.6025641025641026,0.7962962962962963,3.70014245014245,0.7996748272530022,0.9463940979169679,,4,,,,1.8183760683760684,0.8069800569800569,3.8732193732193734,0.2158119658119657,0.010683760683760646,0.17307692307692335,0.006790514361075806,0.038065172551984494,0.806465341614078,0.9844592704689524,1404,0.9,
no_semantic_match,val,,,,,,2.047008547008547,0.9009971509971509,3.70014245014245,0.7996748272530022,0.9463940979169679,,4,,,,2.777065527065527,0.8881766381766382,3.8732193732193734,0.7300569800569803,-0.012820512820512775,0.17307692307692335,0.006790514361075806,0.038065172551984494,0.806465341614078,0.9844592704689524,1404,0.95,
no_semantic_match,val,,,,,,1.5462962962962963,0.8034188034188035,4.817663817663818,0.8226872107215372,0.9535902415203387,,7,,,,1.7542735042735043,0.8162393162393162,5.061253561253562,0.20797720797720798,0.012820512820512775,0.2435897435897436,0.02660886472499402,0.041254034030314024,0.8492960754465312,0.9948442755506527,1404,0.9,
no_semantic_match,val,,,,,,2.0235042735042734,0.9195156695156695,4.817663817663818,0.8226872107215372,0.9535902415203387,,7,,,,3.572649572649573,0.8867521367521367,5.061253561253562,1.5491452991452994,-0.03276353276353283,0.2435897435897436,0.02660886472499402,0.041254034030314024,0.8492960754465312,0.9948442755506527,1404,0.95,
no_relation_probe,val,,,,,,2.5975783475783474,0.8703703703703703,1.0,0.5588231452298791,0.8929431332786611,,1,,,,2.5947293447293447,0.8625356125356125,1.0,-0.002849002849002691,-0.007834757834757844,0.0,0.020811893126384984,0.00513739515749978,0.5796350383562641,0.8980805284361609,1404,0.9,
no_relation_probe,val,,,,,,3.4537037037037037,0.9259259259259259,1.0,0.5588231452298791,0.8929431332786611,,1,,,,3.0035612535612537,0.9131054131054132,1.0,-0.45014245014245,-0.012820512820512775,0.0,0.020811893126384984,0.00513739515749978,0.5796350383562641,0.8980805284361609,1404,0.95,
no_relation_probe,val,,,,,,2.3034188034188032,0.8504273504273504,1.9957264957264957,0.6983371876375258,0.9479331114021209,,2,,,,2.1253561253561255,0.8376068376068376,1.9985754985754987,-0.17806267806267773,-0.012820512820512775,0.002849002849002913,0.008921113193671948,0.0019823196658269593,0.7072583008311978,0.9499154310679478,1404,0.9,
no_relation_probe,val,,,,,,3.2300569800569803,0.9102564102564102,1.9957264957264957,0.6983371876375258,0.9479331114021209,,2,,,,2.690883190883191,0.9031339031339032,1.9985754985754987,-0.5391737891737893,-0.00712250712250706,0.002849002849002913,0.008921113193671948,0.0019823196658269593,0.7072583008311978,0.9499154310679478,1404,0.95,
no_relation_probe,val,,,,,,2.2934472934472936,0.8475783475783476,2.9337606837606836,0.7629104337673919,0.9720581653397411,,3,,,,1.9024216524216524,0.8133903133903134,2.990740740740741,-0.3910256410256412,-0.03418803418803418,0.05698005698005737,0.019940956673000443,0.0008371162890697947,0.7828513904403923,0.9728952816288109,1404,0.9,
no_relation_probe,val,,,,,,3.0163817663817665,0.8931623931623932,2.9337606837606836,0.7629104337673919,0.9720581653397411,,3,,,,2.7037037037037037,0.8974358974358975,2.990740740740741,-0.31267806267806275,0.004273504273504258,0.05698005698005737,0.019940956673000443,0.0008371162890697947,0.7828513904403923,0.9728952816288109,1404,0.95,
no_relation_probe,val,,,,,,2.242877492877493,0.8226495726495726,3.7414529914529915,0.8095983086079546,0.9854292564169107,,4,,,,1.8183760683760684,0.8069800569800569,3.8732193732193734,-0.4245014245014247,-0.015669515669515688,0.1317663817663819,-0.0031329669938765514,-0.000969985947958274,0.806465341614078,0.9844592704689524,1404,0.9,
no_relation_probe,val,,,,,,4.267806267806268,1.0,3.7414529914529915,0.8095983086079546,0.9854292564169107,,4,,,,2.777065527065527,0.8881766381766382,3.8732193732193734,-1.490740740740741,-0.11182336182336183,0.1317663817663819,-0.0031329669938765514,-0.000969985947958274,0.806465341614078,0.9844592704689524,1404,0.95,
no_relation_probe,val,,,,,,2.3824786324786325,0.8425925925925926,4.863247863247863,0.8381157034657342,0.9941653613553895,,7,,,,1.7542735042735043,0.8162393162393162,5.061253561253562,-0.6282051282051282,-0.026353276353276334,0.19800569800569878,0.011180371980797021,0.0006789141952632249,0.8492960754465312,0.9948442755506527,1404,0.9,
no_relation_probe,val,,,,,,4.118233618233618,1.0,4.863247863247863,0.8381157034657342,0.9941653613553895,,7,,,,3.572649572649573,0.8867521367521367,5.061253561253562,-0.5455840455840453,-0.11324786324786329,0.19800569800569878,0.011180371980797021,0.0006789141952632249,0.8492960754465312,0.9948442755506527,1404,0.95,
no_signature_regression,val,,,,,,2.8055555555555554,0.8682336182336182,1.0,0.5399446560980782,0.8819073805974914,,1,,,,2.5947293447293447,0.8625356125356125,1.0,-0.21082621082621067,-0.005698005698005715,0.0,0.039690382258185886,0.01617314783866952,0.5796350383562641,0.8980805284361609,1404,0.9,
no_signature_regression,val,,,,,,3.8205128205128207,0.957977207977208,1.0,0.5399446560980782,0.8819073805974914,,1,,,,3.0035612535612537,0.9131054131054132,1.0,-0.816951566951567,-0.04487179487179482,0.0,0.039690382258185886,0.01617314783866952,0.5796350383562641,0.8980805284361609,1404,0.95,
no_signature_regression,val,,,,,,2.6403133903133904,0.8511396011396012,1.9992877492877492,0.704354798034163,0.9480710136557553,,2,,,,2.1253561253561255,0.8376068376068376,1.9985754985754987,-0.5149572649572649,-0.013532763532763559,-0.0007122507122505617,0.0029035027970347738,0.001844417412192545,0.7072583008311978,0.9499154310679478,1404,0.9,
no_signature_regression,val,,,,,,3.2321937321937324,0.9045584045584045,1.9992877492877492,0.704354798034163,0.9480710136557553,,2,,,,2.690883190883191,0.9031339031339032,1.9985754985754987,-0.5413105413105415,-0.0014245014245013454,-0.0007122507122505617,0.0029035027970347738,0.001844417412192545,0.7072583008311978,0.9499154310679478,1404,0.95,
no_signature_regression,val,,,,,,2.4245014245014245,0.8425925925925926,2.6118233618233617,0.7743091069141969,0.9702737342000244,,3,,,,1.9024216524216524,0.8133903133903134,2.990740740740741,-0.5220797720797721,-0.029202279202279136,0.3789173789173792,0.00854228352619546,0.002621547428786508,0.7828513904403923,0.9728952816288109,1404,0.9,
no_signature_regression,val,,,,,,3.782763532763533,0.9038461538461539,2.6118233618233617,0.7743091069141969,0.9702737342000244,,3,,,,2.7037037037037037,0.8974358974358975,2.990740740740741,-1.0790598290598292,-0.0064102564102563875,0.3789173789173792,0.00854228352619546,0.002621547428786508,0.7828513904403923,0.9728952816288109,1404,0.95,
no_signature_regression,val,,,,,,2.3653846153846154,0.8390313390313391,3.4743589743589745,0.8045135025521497,0.9826157454186438,,4,,,,1.8183760683760684,0.8069800569800569,3.8732193732193734,-0.5470085470085471,-0.03205128205128216,0.3988603988603989,0.0019518390619283066,0.0018435250503086031,0.806465341614078,0.9844592704689524,1404,0.9,
no_signature_regression,val,,,,,,4.355413105413105,0.9992877492877493,3.4743589743589745,0.8045135025521497,0.9826157454186438,,4,,,,2.777065527065527,0.8881766381766382,3.8732193732193734,-1.5783475783475782,-0.11111111111111116,0.3988603988603989,0.0019518390619283066,0.0018435250503086031,0.806465341614078,0.9844592704689524,1404,0.95,
no_signature_regression,val,,,,,,2.450854700854701,0.8425925925925926,4.045584045584046,0.8397470443491297,0.9927307260640594,,7,,,,1.7542735042735043,0.8162393162393162,5.061253561253562,-0.6965811965811968,-0.026353276353276334,1.015669515669516,0.009549031097401461,0.002113549486593258,0.8492960754465312,0.9948442755506527,1404,0.9,
no_signature_regression,val,,,,,,4.264245014245014,1.0,4.045584045584046,0.8397470443491297,0.9927307260640594,,7,,,,3.572649572649573,0.8867521367521367,5.061253561253562,-0.6915954415954411,-0.11324786324786329,1.015669515669516,0.009549031097401461,0.002113549486593258,0.8492960754465312,0.9948442755506527,1404,0.95,
shared_vs_independent_heads,val,,,,,,2.3233618233618234,0.8525641025641025,0.9992877492877493,0.537842459145396,0.8927588044343832,,1,,,,2.5947293447293447,0.8625356125356125,1.0,0.2713675213675213,0.009971509971509973,0.0007122507122506727,0.0417925792108681,0.005321724001777772,0.5796350383562641,0.8980805284361609,1404,0.9,
shared_vs_independent_heads,val,,,,,,2.719373219373219,0.9558404558404558,0.9992877492877493,0.537842459145396,0.8927588044343832,,1,,,,3.0035612535612537,0.9131054131054132,1.0,0.2841880341880345,-0.042735042735042694,0.0007122507122506727,0.0417925792108681,0.005321724001777772,0.5796350383562641,0.8980805284361609,1404,0.95,
shared_vs_independent_heads,val,,,,,,1.7378917378917378,0.8198005698005698,1.9985754985754987,0.7097646721576484,0.9497141272967632,,2,,,,2.1253561253561255,0.8376068376068376,1.9985754985754987,0.3874643874643877,0.017806267806267817,0.0,-0.002506371326450596,0.0002013037711846577,0.7072583008311978,0.9499154310679478,1404,0.9,
shared_vs_independent_heads,val,,,,,,2.4344729344729346,0.9173789173789174,1.9985754985754987,0.7097646721576484,0.9497141272967632,,2,,,,2.690883190883191,0.9031339031339032,1.9985754985754987,0.2564102564102564,-0.014245014245014231,0.0,-0.002506371326450596,0.0002013037711846577,0.7072583008311978,0.9499154310679478,1404,0.95,
shared_vs_independent_heads,val,,,,,,1.6146723646723646,0.8034188034188035,2.988603988603989,0.7854494617107814,0.9765530063196204,,3,,,,1.9024216524216524,0.8133903133903134,2.990740740740741,0.28774928774928776,0.009971509971509973,0.002136752136752129,-0.002598071270389135,-0.003657724690809494,0.7828513904403923,0.9728952816288109,1404,0.9,
shared_vs_independent_heads,val,,,,,,2.358974358974359,0.9024216524216524,2.988603988603989,0.7854494617107814,0.9765530063196204,,3,,,,2.7037037037037037,0.8974358974358975,2.990740740740741,0.3447293447293447,-0.004985754985754931,0.002136752136752129,-0.002598071270389135,-0.003657724690809494,0.7828513904403923,0.9728952816288109,1404,0.95,
shared_vs_independent_heads,val,,,,,,1.566951566951567,0.8084045584045584,3.8176638176638176,0.8122918582864759,0.9860576040081209,,4,,,,1.8183760683760684,0.8069800569800569,3.8732193732193734,0.25142450142450135,-0.0014245014245014564,0.0555555555555558,-0.005826516672397863,-0.001598333539168495,0.806465341614078,0.9844592704689524,1404,0.9,
shared_vs_independent_heads,val,,,,,,2.4800569800569803,0.9116809116809117,3.8176638176638176,0.8122918582864759,0.9860576040081209,,4,,,,2.777065527065527,0.8881766381766382,3.8732193732193734,0.29700854700854684,-0.023504273504273532,0.0555555555555558,-0.005826516672397863,-0.001598333539168495,0.806465341614078,0.9844592704689524,1404,0.95,
shared_vs_independent_heads,val,,,,,,1.7492877492877492,0.8269230769230769,4.7898860398860394,0.8497348435039216,0.9926697884149056,,7,,,,1.7542735042735043,0.8162393162393162,5.061253561253562,0.004985754985755042,-0.010683760683760646,0.2713675213675222,-0.00043876805739040403,0.002174487135747083,0.8492960754465312,0.9948442755506527,1404,0.9,
shared_vs_independent_heads,val,,,,,,2.4245014245014245,0.9009971509971509,4.7898860398860394,0.8497348435039216,0.9926697884149056,,7,,,,3.572649572649573,0.8867521367521367,5.061253561253562,1.1481481481481484,-0.014245014245014231,0.2713675213675222,-0.00043876805739040403,0.002174487135747083,0.8492960754465312,0.9948442755506527,1404,0.95,
global_vs_per_budget_aps,val,,,,,,3.4074074074074074,0.9615384615384616,1.0,0.5796350383562641,0.8980805284361609,,1,,,,2.5947293447293447,0.8625356125356125,1.0,-0.8126780626780628,-0.09900284900284906,0.0,0.0,0.0,0.5796350383562641,0.8980805284361609,1404,0.9,
global_vs_per_budget_aps,val,,,,,,4.898860398860399,0.9971509971509972,1.0,0.5796350383562641,0.8980805284361609,,1,,,,3.0035612535612537,0.9131054131054132,1.0,-1.8952991452991452,-0.08404558404558404,0.0,0.0,0.0,0.5796350383562641,0.8980805284361609,1404,0.95,
global_vs_per_budget_aps,val,,,,,,2.7784900284900287,0.9109686609686609,1.9985754985754987,0.7072583008311978,0.9499154310679478,,2,,,,2.1253561253561255,0.8376068376068376,1.9985754985754987,-0.6531339031339032,-0.07336182336182329,0.0,0.0,0.0,0.7072583008311978,0.9499154310679478,1404,0.9,
global_vs_per_budget_aps,val,,,,,,4.489316239316239,0.9985754985754985,1.9985754985754987,0.7072583008311978,0.9499154310679478,,2,,,,2.690883190883191,0.9031339031339032,1.9985754985754987,-1.7984330484330484,-0.09544159544159536,0.0,0.0,0.0,0.7072583008311978,0.9499154310679478,1404,0.95,
global_vs_per_budget_aps,val,,,,,,2.4608262108262107,0.8881766381766382,2.990740740740741,0.7828513904403923,0.9728952816288109,,3,,,,1.9024216524216524,0.8133903133903134,2.990740740740741,-0.5584045584045583,-0.07478632478632474,0.0,0.0,0.0,0.7828513904403923,0.9728952816288109,1404,0.9,
global_vs_per_budget_aps,val,,,,,,4.312678062678063,0.9992877492877493,2.990740740740741,0.7828513904403923,0.9728952816288109,,3,,,,2.7037037037037037,0.8974358974358975,2.990740740740741,-1.608974358974359,-0.10185185185185186,0.0,0.0,0.0,0.7828513904403923,0.9728952816288109,1404,0.95,
global_vs_per_budget_aps,val,,,,,,2.257122507122507,0.8703703703703703,3.8732193732193734,0.806465341614078,0.9844592704689524,,4,,,,1.8183760683760684,0.8069800569800569,3.8732193732193734,-0.4387464387464386,-0.06339031339031342,0.0,0.0,0.0,0.806465341614078,0.9844592704689524,1404,0.9,
global_vs_per_budget_aps,val,,,,,,4.1581196581196584,1.0,3.8732193732193734,0.806465341614078,0.9844592704689524,,4,,,,2.777065527065527,0.8881766381766382,3.8732193732193734,-1.3810541310541313,-0.11182336182336183,0.0,0.0,0.0,0.806465341614078,0.9844592704689524,1404,0.95,
global_vs_per_budget_aps,val,,,,,,2.0982905982905984,0.8703703703703703,5.061253561253562,0.8492960754465312,0.9948442755506527,,7,,,,1.7542735042735043,0.8162393162393162,5.061253561253562,-0.3440170940170941,-0.054131054131054124,0.0,0.0,0.0,0.8492960754465312,0.9948442755506527,1404,0.9,
global_vs_per_budget_aps,val,,,,,,4.0747863247863245,0.9985754985754985,5.061253561253562,0.8492960754465312,0.9948442755506527,,7,,,,3.572649572649573,0.8867521367521367,5.061253561253562,-0.5021367521367517,-0.11182336182336183,0.0,0.0,0.0,0.8492960754465312,0.9948442755506527,1404,0.95,
pass_count_vs_latency,val,,,,,,,,,,,1.33452941,7,100,,15.393336592350245,,,,,,,,,,,,0.9,6643.293032646179
gru_canonical_vs_permutation_augmentation,val,0.3777058173995465,0.013428197810394858,0.16040160693228245,0.025850859281380603,0.012422661470985745,,,,,,,,,bit_l1_drift,,,,,,,,,,,,,,
gru_canonical_vs_permutation_augmentation,val,0.2522284981725526,0.04246403047746334,0.2054513199429648,0.0768359756541459,0.034371945176682565,,,,,,,,,hidden_relative_l2_drift,,,,,,,,,,,,,,
gru_canonical_vs_permutation_augmentation,val,0.053683257733071185,0.0007286613531623699,0.01191950291827495,0.0005861230718615937,-0.00014253828130077618,,,,,,,,,js_drift,,,,,,,,,,,,,,
gru_canonical_vs_permutation_augmentation,val,1.0,0.07216296296296297,1.0,0.08521851851851853,0.013055555555555556,,,,,,,,,set_disagreement,,,,,,,,,,,,,,
