condition,maximum_budget,target_coverage,metric,estimate,ci_lower,ci_upper,confidence,resamples,group_count,row_count
blank_first,1,0.9,source_bit_macro_f1,0.6933483554646468,0.6771379647380303,0.7095523784500949,0.95,2000,1048,2400
blank_first,1,0.9,six_way_macro_f1,0.38543676872319654,0.3679794012671548,0.40178261581599245,0.95,2000,1048,2400
blank_first,1,0.9,empirical_coverage,0.99,0.9858921161825727,0.9937969099329288,0.95,2000,1048,2400
blank_first,1,0.9,average_set_size,4.011666666666667,3.956673186662131,4.064478909591396,0.95,2000,1048,2400
blank_first,1,0.9,mean_acquisition_cost,1.0,1.0,1.0,0.95,2000,1048,2400
blank_first,1,0.95,source_bit_macro_f1,0.6933483554646468,0.6771379647380303,0.7095523784500949,0.95,2000,1048,2400
blank_first,1,0.95,six_way_macro_f1,0.38543676872319654,0.3679794012671548,0.40178261581599245,0.95,2000,1048,2400
blank_first,1,0.95,empirical_coverage,0.9958333333333333,0.993277169572623,0.9983235540653814,0.95,2000,1048,2400
blank_first,1,0.95,average_set_size,4.324166666666667,4.280230638351393,4.3656101301670285,0.95,2000,1048,2400
blank_first,1,0.95,mean_acquisition_cost,1.0,1.0,1.0,0.95,2000,1048,2400
blank_first,2,0.9,source_bit_macro_f1,0.8415138169558946,0.8305695212194536,0.8516721375860243,0.95,2000,1048,2400
blank_first,2,0.9,six_way_macro_f1,0.4848169843956837,0.46518974030095295,0.5034484101838028,0.95,2000,1048,2400
blank_first,2,0.9,empirical_coverage,0.9941666666666666,0.9909465020576131,0.9970931437772378,0.95,2000,1048,2400
blank_first,2,0.9,average_set_size,3.83125,3.774977795594646,3.8876507866787247,0.95,2000,1048,2400
blank_first,2,0.9,mean_acquisition_cost,2.0,2.0,2.0,0.95,2000,1048,2400
blank_first,2,0.95,source_bit_macro_f1,0.8415138169558946,0.8305695212194536,0.8516721375860243,0.95,2000,1048,2400
blank_first,2,0.95,six_way_macro_f1,0.4848169843956837,0.46518974030095295,0.5034484101838028,0.95,2000,1048,2400
blank_first,2,0.95,empirical_coverage,0.9991666666666666,0.997893850042123,1.0,0.95,2000,1048,2400
blank_first,2,0.95,average_set_size,5.187083333333334,5.141991466689333,5.2322664442077125,0.95,2000,1048,2400
blank_first,2,0.95,mean_acquisition_cost,2.0,2.0,2.0,0.95,2000,1048,2400
blank_first,3,0.9,source_bit_macro_f1,0.9348807034078676,0.9271396151938998,0.9427751992069204,0.95,2000,1048,2400
blank_first,3,0.9,six_way_macro_f1,0.6670449993609356,0.6486449887296755,0.6835713151346254,0.95,2000,1048,2400
blank_first,3,0.9,empirical_coverage,0.9816666666666667,0.97624704218107,0.9866558242980261,0.95,2000,1048,2400
blank_first,3,0.9,average_set_size,3.4483333333333333,3.3861143899889323,3.507008729146867,0.95,2000,1048,2400
blank_first,3,0.9,mean_acquisition_cost,3.0,3.0,3.0,0.95,2000,1048,2400
blank_first,3,0.95,source_bit_macro_f1,0.9348807034078676,0.9271396151938998,0.9427751992069204,0.95,2000,1048,2400
blank_first,3,0.95,six_way_macro_f1,0.6670449993609356,0.6486449887296755,0.6835713151346254,0.95,2000,1048,2400
blank_first,3,0.95,empirical_coverage,0.9995833333333334,0.9987298899237934,1.0,0.95,2000,1048,2400
blank_first,3,0.95,average_set_size,4.835,4.775580791940326,4.897035628594616,0.95,2000,1048,2400
blank_first,3,0.95,mean_acquisition_cost,3.0,3.0,3.0,0.95,2000,1048,2400
blank_first,4,0.9,source_bit_macro_f1,0.9668596563694608,0.9611439531275455,0.9722190793508991,0.95,2000,1048,2400
blank_first,4,0.9,six_way_macro_f1,0.7330634300240249,0.7169692606603291,0.7466372447944513,0.95,2000,1048,2400
blank_first,4,0.9,empirical_coverage,0.97875,0.9730063729200836,0.9842845326716294,0.95,2000,1048,2400
blank_first,4,0.9,average_set_size,4.044583333333334,3.9667612333711224,4.115029387069689,0.95,2000,1048,2400
blank_first,4,0.9,mean_acquisition_cost,4.0,4.0,4.0,0.95,2000,1048,2400
blank_first,4,0.95,source_bit_macro_f1,0.9668596563694608,0.9611439531275455,0.9722190793508991,0.95,2000,1048,2400
blank_first,4,0.95,six_way_macro_f1,0.7330634300240249,0.7169692606603291,0.7466372447944513,0.95,2000,1048,2400
blank_first,4,0.95,empirical_coverage,0.99875,0.9971119721657596,1.0,0.95,2000,1048,2400
blank_first,4,0.95,average_set_size,4.598333333333334,4.5307313328249625,4.664887752427911,0.95,2000,1048,2400
blank_first,4,0.95,mean_acquisition_cost,4.0,4.0,4.0,0.95,2000,1048,2400
blank_first,7,0.9,source_bit_macro_f1,0.9945310972449599,0.9920802884126384,0.9966753989779944,0.95,2000,1048,2400
blank_first,7,0.9,six_way_macro_f1,0.7697286824384438,0.7573132627672257,0.7812631955653211,0.95,2000,1048,2400
blank_first,7,0.9,empirical_coverage,0.99875,0.9971167901457942,1.0,0.95,2000,1048,2400
blank_first,7,0.9,average_set_size,4.515416666666667,4.441157475490196,4.590373477809399,0.95,2000,1048,2400
blank_first,7,0.9,mean_acquisition_cost,6.0,6.0,6.0,0.95,2000,1048,2400
blank_first,7,0.95,source_bit_macro_f1,0.9945310972449599,0.9920802884126384,0.9966753989779944,0.95,2000,1048,2400
blank_first,7,0.95,six_way_macro_f1,0.7697286824384438,0.7573132627672257,0.7812631955653211,0.95,2000,1048,2400
blank_first,7,0.95,empirical_coverage,0.99875,0.9971167901457942,1.0,0.95,2000,1048,2400
blank_first,7,0.95,average_set_size,4.515416666666667,4.441157475490196,4.590373477809399,0.95,2000,1048,2400
blank_first,7,0.95,mean_acquisition_cost,6.0,6.0,6.0,0.95,2000,1048,2400
clean_only_learned,1,0.9,source_bit_macro_f1,0.5657329633299907,0.5478986487370844,0.5837225210401649,0.95,2000,1048,2400
clean_only_learned,1,0.9,six_way_macro_f1,0.21930182056995154,0.20435622841223708,0.23268819461244242,0.95,2000,1048,2400
clean_only_learned,1,0.9,empirical_coverage,0.9033333333333333,0.8914118544331265,0.9156340096828591,0.95,2000,1048,2400
clean_only_learned,1,0.9,average_set_size,4.756666666666667,4.724576008327375,4.7865586605929495,0.95,2000,1048,2400
clean_only_learned,1,0.9,mean_acquisition_cost,0.0,0.0,0.0,0.95,2000,1048,2400
clean_only_learned,1,0.95,source_bit_macro_f1,0.5657329633299907,0.5478986487370844,0.5837225210401649,0.95,2000,1048,2400
clean_only_learned,1,0.95,six_way_macro_f1,0.21930182056995154,0.20435622841223708,0.23268819461244242,0.95,2000,1048,2400
clean_only_learned,1,0.95,empirical_coverage,0.9045833333333333,0.8926429483379691,0.9167380904785866,0.95,2000,1048,2400
clean_only_learned,1,0.95,average_set_size,4.786666666666667,4.757616915392201,4.813905553389053,0.95,2000,1048,2400
clean_only_learned,1,0.95,mean_acquisition_cost,0.0,0.0,0.0,0.95,2000,1048,2400
clean_only_learned,2,0.9,source_bit_macro_f1,0.5657329633299907,0.5478986487370844,0.5837225210401649,0.95,2000,1048,2400
clean_only_learned,2,0.9,six_way_macro_f1,0.21930182056995154,0.20435622841223708,0.23268819461244242,0.95,2000,1048,2400
clean_only_learned,2,0.9,empirical_coverage,0.9033333333333333,0.8914118544331265,0.9156340096828591,0.95,2000,1048,2400
clean_only_learned,2,0.9,average_set_size,4.756666666666667,4.724576008327375,4.7865586605929495,0.95,2000,1048,2400
clean_only_learned,2,0.9,mean_acquisition_cost,0.0,0.0,0.0,0.95,2000,1048,2400
clean_only_learned,2,0.95,source_bit_macro_f1,0.5657329633299907,0.5478986487370844,0.5837225210401649,0.95,2000,1048,2400
clean_only_learned,2,0.95,six_way_macro_f1,0.21930182056995154,0.20435622841223708,0.23268819461244242,0.95,2000,1048,2400
clean_only_learned,2,0.95,empirical_coverage,0.9045833333333333,0.8926429483379691,0.9167380904785866,0.95,2000,1048,2400
clean_only_learned,2,0.95,average_set_size,4.786666666666667,4.757616915392201,4.813905553389053,0.95,2000,1048,2400
clean_only_learned,2,0.95,mean_acquisition_cost,0.0,0.0,0.0,0.95,2000,1048,2400
clean_only_learned,3,0.9,source_bit_macro_f1,0.5657329633299907,0.5478986487370844,0.5837225210401649,0.95,2000,1048,2400
clean_only_learned,3,0.9,six_way_macro_f1,0.21930182056995154,0.20435622841223708,0.23268819461244242,0.95,2000,1048,2400
clean_only_learned,3,0.9,empirical_coverage,0.9033333333333333,0.8914118544331265,0.9156340096828591,0.95,2000,1048,2400
clean_only_learned,3,0.9,average_set_size,4.756666666666667,4.724576008327375,4.7865586605929495,0.95,2000,1048,2400
clean_only_learned,3,0.9,mean_acquisition_cost,0.0,0.0,0.0,0.95,2000,1048,2400
clean_only_learned,3,0.95,source_bit_macro_f1,0.5657329633299907,0.5478986487370844,0.5837225210401649,0.95,2000,1048,2400
clean_only_learned,3,0.95,six_way_macro_f1,0.21930182056995154,0.20435622841223708,0.23268819461244242,0.95,2000,1048,2400
clean_only_learned,3,0.95,empirical_coverage,0.9045833333333333,0.8926429483379691,0.9167380904785866,0.95,2000,1048,2400
clean_only_learned,3,0.95,average_set_size,4.786666666666667,4.757616915392201,4.813905553389053,0.95,2000,1048,2400
clean_only_learned,3,0.95,mean_acquisition_cost,0.0,0.0,0.0,0.95,2000,1048,2400
clean_only_learned,4,0.9,source_bit_macro_f1,0.5657329633299907,0.5478986487370844,0.5837225210401649,0.95,2000,1048,2400
clean_only_learned,4,0.9,six_way_macro_f1,0.21930182056995154,0.20435622841223708,0.23268819461244242,0.95,2000,1048,2400
clean_only_learned,4,0.9,empirical_coverage,0.9033333333333333,0.8914118544331265,0.9156340096828591,0.95,2000,1048,2400
clean_only_learned,4,0.9,average_set_size,4.756666666666667,4.724576008327375,4.7865586605929495,0.95,2000,1048,2400
clean_only_learned,4,0.9,mean_acquisition_cost,0.0,0.0,0.0,0.95,2000,1048,2400
clean_only_learned,4,0.95,source_bit_macro_f1,0.5657329633299907,0.5478986487370844,0.5837225210401649,0.95,2000,1048,2400
clean_only_learned,4,0.95,six_way_macro_f1,0.21930182056995154,0.20435622841223708,0.23268819461244242,0.95,2000,1048,2400
clean_only_learned,4,0.95,empirical_coverage,0.9045833333333333,0.8926429483379691,0.9167380904785866,0.95,2000,1048,2400
clean_only_learned,4,0.95,average_set_size,4.786666666666667,4.757616915392201,4.813905553389053,0.95,2000,1048,2400
clean_only_learned,4,0.95,mean_acquisition_cost,0.0,0.0,0.0,0.95,2000,1048,2400
clean_only_learned,7,0.9,source_bit_macro_f1,0.5657329633299907,0.5478986487370844,0.5837225210401649,0.95,2000,1048,2400
clean_only_learned,7,0.9,six_way_macro_f1,0.21930182056995154,0.20435622841223708,0.23268819461244242,0.95,2000,1048,2400
clean_only_learned,7,0.9,empirical_coverage,0.9033333333333333,0.8914118544331265,0.9156340096828591,0.95,2000,1048,2400
clean_only_learned,7,0.9,average_set_size,4.756666666666667,4.724576008327375,4.7865586605929495,0.95,2000,1048,2400
clean_only_learned,7,0.9,mean_acquisition_cost,0.0,0.0,0.0,0.95,2000,1048,2400
clean_only_learned,7,0.95,source_bit_macro_f1,0.5657329633299907,0.5478986487370844,0.5837225210401649,0.95,2000,1048,2400
clean_only_learned,7,0.95,six_way_macro_f1,0.21930182056995154,0.20435622841223708,0.23268819461244242,0.95,2000,1048,2400
clean_only_learned,7,0.95,empirical_coverage,0.9045833333333333,0.8926429483379691,0.9167380904785866,0.95,2000,1048,2400
clean_only_learned,7,0.95,average_set_size,4.786666666666667,4.757616915392201,4.813905553389053,0.95,2000,1048,2400
clean_only_learned,7,0.95,mean_acquisition_cost,0.0,0.0,0.0,0.95,2000,1048,2400
diagnostic_no_acquisition,1,0.9,source_bit_macro_f1,0.539452914166428,0.5198727637667897,0.5586871945846571,0.95,2000,1048,2400
diagnostic_no_acquisition,1,0.9,six_way_macro_f1,0.21717530134363447,0.2017593992276627,0.2320823035380567,0.95,2000,1048,2400
diagnostic_no_acquisition,1,0.9,empirical_coverage,0.90375,0.8912605821859434,0.9156830917471168,0.95,2000,1048,2400
diagnostic_no_acquisition,1,0.9,average_set_size,4.710416666666666,4.675144375624831,4.744380150013302,0.95,2000,1048,2400
diagnostic_no_acquisition,1,0.9,mean_acquisition_cost,0.0,0.0,0.0,0.95,2000,1048,2400
diagnostic_no_acquisition,1,0.95,source_bit_macro_f1,0.539452914166428,0.5198727637667897,0.5586871945846571,0.95,2000,1048,2400
diagnostic_no_acquisition,1,0.95,six_way_macro_f1,0.21717530134363447,0.2017593992276627,0.2320823035380567,0.95,2000,1048,2400
diagnostic_no_acquisition,1,0.95,empirical_coverage,0.90375,0.8912605821859434,0.9156830917471168,0.95,2000,1048,2400
diagnostic_no_acquisition,1,0.95,average_set_size,4.7491666666666665,4.718202396692831,4.779355797955533,0.95,2000,1048,2400
diagnostic_no_acquisition,1,0.95,mean_acquisition_cost,0.0,0.0,0.0,0.95,2000,1048,2400
diagnostic_no_acquisition,2,0.9,source_bit_macro_f1,0.5408937701575284,0.52098239642648,0.5606424159201165,0.95,2000,1048,2400
diagnostic_no_acquisition,2,0.9,six_way_macro_f1,0.21239298428052367,0.19683852926698628,0.22801505201361041,0.95,2000,1048,2400
diagnostic_no_acquisition,2,0.9,empirical_coverage,0.905,0.8922299529919325,0.9170176114138027,0.95,2000,1048,2400
diagnostic_no_acquisition,2,0.9,average_set_size,4.7404166666666665,4.708189233641536,4.771026639681589,0.95,2000,1048,2400
diagnostic_no_acquisition,2,0.9,mean_acquisition_cost,0.0,0.0,0.0,0.95,2000,1048,2400
diagnostic_no_acquisition,2,0.95,source_bit_macro_f1,0.5408937701575284,0.52098239642648,0.5606424159201165,0.95,2000,1048,2400
diagnostic_no_acquisition,2,0.95,six_way_macro_f1,0.21239298428052367,0.19683852926698628,0.22801505201361041,0.95,2000,1048,2400
diagnostic_no_acquisition,2,0.95,empirical_coverage,0.95875,0.9507706683161466,0.966584847118265,0.95,2000,1048,2400
diagnostic_no_acquisition,2,0.95,average_set_size,5.4591666666666665,5.436702423192282,5.483018762809972,0.95,2000,1048,2400
diagnostic_no_acquisition,2,0.95,mean_acquisition_cost,0.0,0.0,0.0,0.95,2000,1048,2400
diagnostic_no_acquisition,3,0.9,source_bit_macro_f1,0.5416425150777832,0.5219805308581793,0.5610858934499635,0.95,2000,1048,2400
diagnostic_no_acquisition,3,0.9,six_way_macro_f1,0.21811498232958657,0.20272743022414647,0.23310421377918583,0.95,2000,1048,2400
diagnostic_no_acquisition,3,0.9,empirical_coverage,0.9020833333333333,0.8887478849407784,0.914366942450824,0.95,2000,1048,2400
diagnostic_no_acquisition,3,0.9,average_set_size,4.80625,4.781725294308241,4.831103818399391,0.95,2000,1048,2400
diagnostic_no_acquisition,3,0.9,mean_acquisition_cost,0.0,0.0,0.0,0.95,2000,1048,2400
diagnostic_no_acquisition,3,0.95,source_bit_macro_f1,0.5416425150777832,0.5219805308581793,0.5610858934499635,0.95,2000,1048,2400
diagnostic_no_acquisition,3,0.95,six_way_macro_f1,0.21811498232958657,0.20272743022414647,0.23310421377918583,0.95,2000,1048,2400
diagnostic_no_acquisition,3,0.95,empirical_coverage,0.955,0.9464572546481526,0.9629343719230206,0.95,2000,1048,2400
diagnostic_no_acquisition,3,0.95,average_set_size,5.43875,5.41364876938684,5.462466314884627,0.95,2000,1048,2400
diagnostic_no_acquisition,3,0.95,mean_acquisition_cost,0.0,0.0,0.0,0.95,2000,1048,2400
diagnostic_no_acquisition,4,0.9,source_bit_macro_f1,0.5382448587374614,0.518505235294075,0.5574267553154201,0.95,2000,1048,2400
diagnostic_no_acquisition,4,0.9,six_way_macro_f1,0.21375214785059413,0.19829706933316812,0.2296878395102801,0.95,2000,1048,2400
diagnostic_no_acquisition,4,0.9,empirical_coverage,0.9233333333333333,0.9123314738182507,0.9340020389087472,0.95,2000,1048,2400
diagnostic_no_acquisition,4,0.9,average_set_size,5.135833333333333,5.1086942843594985,5.159804042703045,0.95,2000,1048,2400
diagnostic_no_acquisition,4,0.9,mean_acquisition_cost,0.0,0.0,0.0,0.95,2000,1048,2400
diagnostic_no_acquisition,4,0.95,source_bit_macro_f1,0.5382448587374614,0.518505235294075,0.5574267553154201,0.95,2000,1048,2400
diagnostic_no_acquisition,4,0.95,six_way_macro_f1,0.21375214785059413,0.19829706933316812,0.2296878395102801,0.95,2000,1048,2400
diagnostic_no_acquisition,4,0.95,empirical_coverage,0.9516666666666667,0.9429947407709012,0.9597652975691534,0.95,2000,1048,2400
diagnostic_no_acquisition,4,0.95,average_set_size,5.442083333333334,5.4153248649422645,5.467456053121191,0.95,2000,1048,2400
diagnostic_no_acquisition,4,0.95,mean_acquisition_cost,0.0,0.0,0.0,0.95,2000,1048,2400
diagnostic_no_acquisition,7,0.9,source_bit_macro_f1,0.5368492180203114,0.5170515931943958,0.5559268786296497,0.95,2000,1048,2400
diagnostic_no_acquisition,7,0.9,six_way_macro_f1,0.20868995933810353,0.19307259454732956,0.2239350946459955,0.95,2000,1048,2400
diagnostic_no_acquisition,7,0.9,empirical_coverage,0.9491666666666667,0.9403551459548573,0.9581270287740701,0.95,2000,1048,2400
diagnostic_no_acquisition,7,0.9,average_set_size,5.470416666666667,5.448332256046705,5.492156370720503,0.95,2000,1048,2400
diagnostic_no_acquisition,7,0.9,mean_acquisition_cost,0.0,0.0,0.0,0.95,2000,1048,2400
diagnostic_no_acquisition,7,0.95,source_bit_macro_f1,0.5368492180203114,0.5170515931943958,0.5559268786296497,0.95,2000,1048,2400
diagnostic_no_acquisition,7,0.95,six_way_macro_f1,0.20868995933810353,0.19307259454732956,0.2239350946459955,0.95,2000,1048,2400
diagnostic_no_acquisition,7,0.95,empirical_coverage,0.9491666666666667,0.9403551459548573,0.9581270287740701,0.95,2000,1048,2400
diagnostic_no_acquisition,7,0.95,average_set_size,5.470416666666667,5.448332256046705,5.492156370720503,0.95,2000,1048,2400
diagnostic_no_acquisition,7,0.95,mean_acquisition_cost,0.0,0.0,0.0,0.95,2000,1048,2400
full_teacher,7,0.9,source_bit_macro_f1,0.9945310972449599,0.9920802884126384,0.9966753989779944,0.95,2000,1048,2400
full_teacher,7,0.9,six_way_macro_f1,0.7697286824384438,0.7573132627672257,0.7812631955653211,0.95,2000,1048,2400
full_teacher,7,0.9,empirical_coverage,0.99875,0.9971167901457942,1.0,0.95,2000,1048,2400
full_teacher,7,0.9,average_set_size,4.515416666666667,4.441157475490196,4.590373477809399,0.95,2000,1048,2400
full_teacher,7,0.9,mean_acquisition_cost,6.0,6.0,6.0,0.95,2000,1048,2400
full_teacher,7,0.95,source_bit_macro_f1,0.9945310972449599,0.9920802884126384,0.9966753989779944,0.95,2000,1048,2400
full_teacher,7,0.95,six_way_macro_f1,0.7697286824384438,0.7573132627672257,0.7812631955653211,0.95,2000,1048,2400
full_teacher,7,0.95,empirical_coverage,0.99875,0.9971167901457942,1.0,0.95,2000,1048,2400
full_teacher,7,0.95,average_set_size,4.515416666666667,4.441157475490196,4.590373477809399,0.95,2000,1048,2400
full_teacher,7,0.95,mean_acquisition_cost,6.0,6.0,6.0,0.95,2000,1048,2400
grounding_first,1,0.9,source_bit_macro_f1,0.6610558756594717,0.647263064604765,0.6741831839632801,0.95,2000,1048,2400
grounding_first,1,0.9,six_way_macro_f1,0.28114625553069034,0.26106475596089435,0.2995199908657335,0.95,2000,1048,2400
grounding_first,1,0.9,empirical_coverage,0.9866666666666667,0.9816964087631725,0.9909854391576702,0.95,2000,1048,2400
grounding_first,1,0.9,average_set_size,4.55125,4.505393967416901,4.596570293786106,0.95,2000,1048,2400
grounding_first,1,0.9,mean_acquisition_cost,1.0,1.0,1.0,0.95,2000,1048,2400
grounding_first,1,0.95,source_bit_macro_f1,0.6610558756594717,0.647263064604765,0.6741831839632801,0.95,2000,1048,2400
grounding_first,1,0.95,six_way_macro_f1,0.28114625553069034,0.26106475596089435,0.2995199908657335,0.95,2000,1048,2400
grounding_first,1,0.95,empirical_coverage,0.9979166666666667,0.9958471760797342,0.9995836802664446,0.95,2000,1048,2400
grounding_first,1,0.95,average_set_size,4.6225,4.5824285834883405,4.660418855042017,0.95,2000,1048,2400
grounding_first,1,0.95,mean_acquisition_cost,1.0,1.0,1.0,0.95,2000,1048,2400
grounding_first,2,0.9,source_bit_macro_f1,0.8415138169558946,0.8305695212194536,0.8516721375860243,0.95,2000,1048,2400
grounding_first,2,0.9,six_way_macro_f1,0.4848169843956837,0.46518974030095295,0.5034484101838028,0.95,2000,1048,2400
grounding_first,2,0.9,empirical_coverage,0.9941666666666666,0.9909465020576131,0.9970931437772378,0.95,2000,1048,2400
grounding_first,2,0.9,average_set_size,3.83125,3.774977795594646,3.8876507866787247,0.95,2000,1048,2400
grounding_first,2,0.9,mean_acquisition_cost,2.0,2.0,2.0,0.95,2000,1048,2400
grounding_first,2,0.95,source_bit_macro_f1,0.8415138169558946,0.8305695212194536,0.8516721375860243,0.95,2000,1048,2400
grounding_first,2,0.95,six_way_macro_f1,0.4848169843956837,0.46518974030095295,0.5034484101838028,0.95,2000,1048,2400
grounding_first,2,0.95,empirical_coverage,0.9991666666666666,0.997893850042123,1.0,0.95,2000,1048,2400
grounding_first,2,0.95,average_set_size,5.187083333333334,5.141991466689333,5.2322664442077125,0.95,2000,1048,2400
grounding_first,2,0.95,mean_acquisition_cost,2.0,2.0,2.0,0.95,2000,1048,2400
grounding_first,3,0.9,source_bit_macro_f1,0.9348807034078676,0.9271396151938998,0.9427751992069204,0.95,2000,1048,2400
grounding_first,3,0.9,six_way_macro_f1,0.6670449993609356,0.6486449887296755,0.6835713151346254,0.95,2000,1048,2400
grounding_first,3,0.9,empirical_coverage,0.9816666666666667,0.97624704218107,0.9866558242980261,0.95,2000,1048,2400
grounding_first,3,0.9,average_set_size,3.4483333333333333,3.3861143899889323,3.507008729146867,0.95,2000,1048,2400
grounding_first,3,0.9,mean_acquisition_cost,3.0,3.0,3.0,0.95,2000,1048,2400
grounding_first,3,0.95,source_bit_macro_f1,0.9348807034078676,0.9271396151938998,0.9427751992069204,0.95,2000,1048,2400
grounding_first,3,0.95,six_way_macro_f1,0.6670449993609356,0.6486449887296755,0.6835713151346254,0.95,2000,1048,2400
grounding_first,3,0.95,empirical_coverage,0.9995833333333334,0.9987298899237934,1.0,0.95,2000,1048,2400
grounding_first,3,0.95,average_set_size,4.835,4.775580791940326,4.897035628594616,0.95,2000,1048,2400
grounding_first,3,0.95,mean_acquisition_cost,3.0,3.0,3.0,0.95,2000,1048,2400
grounding_first,4,0.9,source_bit_macro_f1,0.9668596563694608,0.9611439531275455,0.9722190793508991,0.95,2000,1048,2400
grounding_first,4,0.9,six_way_macro_f1,0.7330634300240249,0.7169692606603291,0.7466372447944513,0.95,2000,1048,2400
grounding_first,4,0.9,empirical_coverage,0.97875,0.9730063729200836,0.9842845326716294,0.95,2000,1048,2400
grounding_first,4,0.9,average_set_size,4.044583333333334,3.9667612333711224,4.115029387069689,0.95,2000,1048,2400
grounding_first,4,0.9,mean_acquisition_cost,4.0,4.0,4.0,0.95,2000,1048,2400
grounding_first,4,0.95,source_bit_macro_f1,0.9668596563694608,0.9611439531275455,0.9722190793508991,0.95,2000,1048,2400
grounding_first,4,0.95,six_way_macro_f1,0.7330634300240249,0.7169692606603291,0.7466372447944513,0.95,2000,1048,2400
grounding_first,4,0.95,empirical_coverage,0.99875,0.9971119721657596,1.0,0.95,2000,1048,2400
grounding_first,4,0.95,average_set_size,4.598333333333334,4.5307313328249625,4.664887752427911,0.95,2000,1048,2400
grounding_first,4,0.95,mean_acquisition_cost,4.0,4.0,4.0,0.95,2000,1048,2400
grounding_first,7,0.9,source_bit_macro_f1,0.9945310972449599,0.9920802884126384,0.9966753989779944,0.95,2000,1048,2400
grounding_first,7,0.9,six_way_macro_f1,0.7697286824384438,0.7573132627672257,0.7812631955653211,0.95,2000,1048,2400
grounding_first,7,0.9,empirical_coverage,0.99875,0.9971167901457942,1.0,0.95,2000,1048,2400
grounding_first,7,0.9,average_set_size,4.515416666666667,4.441157475490196,4.590373477809399,0.95,2000,1048,2400
grounding_first,7,0.9,mean_acquisition_cost,6.0,6.0,6.0,0.95,2000,1048,2400
grounding_first,7,0.95,source_bit_macro_f1,0.9945310972449599,0.9920802884126384,0.9966753989779944,0.95,2000,1048,2400
grounding_first,7,0.95,six_way_macro_f1,0.7697286824384438,0.7573132627672257,0.7812631955653211,0.95,2000,1048,2400
grounding_first,7,0.95,empirical_coverage,0.99875,0.9971167901457942,1.0,0.95,2000,1048,2400
grounding_first,7,0.95,average_set_size,4.515416666666667,4.441157475490196,4.590373477809399,0.95,2000,1048,2400
grounding_first,7,0.95,mean_acquisition_cost,6.0,6.0,6.0,0.95,2000,1048,2400
one_pass_distilled,1,0.9,source_bit_macro_f1,0.5795072096247913,0.5620758561008895,0.5967053577807638,0.95,2000,1048,2400
one_pass_distilled,1,0.9,six_way_macro_f1,0.14625181094921727,0.13882114850159363,0.15395802975127143,0.95,2000,1048,2400
one_pass_distilled,1,0.9,empirical_coverage,0.925,0.9138651565325223,0.9362072982650765,0.95,2000,1048,2400
one_pass_distilled,1,0.9,average_set_size,4.705416666666666,4.668046102537452,4.740959546753314,0.95,2000,1048,2400
one_pass_distilled,1,0.9,mean_acquisition_cost,0.0,0.0,0.0,0.95,2000,1048,2400
one_pass_distilled,1,0.95,source_bit_macro_f1,0.5795072096247913,0.5620758561008895,0.5967053577807638,0.95,2000,1048,2400
one_pass_distilled,1,0.95,six_way_macro_f1,0.14625181094921727,0.13882114850159363,0.15395802975127143,0.95,2000,1048,2400
one_pass_distilled,1,0.95,empirical_coverage,0.92625,0.915211787782007,0.9371284779675957,0.95,2000,1048,2400
one_pass_distilled,1,0.95,average_set_size,4.718333333333334,4.682818666722888,4.752945318972659,0.95,2000,1048,2400
one_pass_distilled,1,0.95,mean_acquisition_cost,0.0,0.0,0.0,0.95,2000,1048,2400
one_pass_distilled,2,0.9,source_bit_macro_f1,0.5795072096247913,0.5620758561008895,0.5967053577807638,0.95,2000,1048,2400
one_pass_distilled,2,0.9,six_way_macro_f1,0.14625181094921727,0.13882114850159363,0.15395802975127143,0.95,2000,1048,2400
one_pass_distilled,2,0.9,empirical_coverage,0.925,0.9138651565325223,0.9362072982650765,0.95,2000,1048,2400
one_pass_distilled,2,0.9,average_set_size,4.705416666666666,4.668046102537452,4.740959546753314,0.95,2000,1048,2400
one_pass_distilled,2,0.9,mean_acquisition_cost,0.0,0.0,0.0,0.95,2000,1048,2400
one_pass_distilled,2,0.95,source_bit_macro_f1,0.5795072096247913,0.5620758561008895,0.5967053577807638,0.95,2000,1048,2400
one_pass_distilled,2,0.95,six_way_macro_f1,0.14625181094921727,0.13882114850159363,0.15395802975127143,0.95,2000,1048,2400
one_pass_distilled,2,0.95,empirical_coverage,0.92625,0.915211787782007,0.9371284779675957,0.95,2000,1048,2400
one_pass_distilled,2,0.95,average_set_size,4.718333333333334,4.682818666722888,4.752945318972659,0.95,2000,1048,2400
one_pass_distilled,2,0.95,mean_acquisition_cost,0.0,0.0,0.0,0.95,2000,1048,2400
one_pass_distilled,3,0.9,source_bit_macro_f1,0.5795072096247913,0.5620758561008895,0.5967053577807638,0.95,2000,1048,2400
one_pass_distilled,3,0.9,six_way_macro_f1,0.14625181094921727,0.13882114850159363,0.15395802975127143,0.95,2000,1048,2400
one_pass_distilled,3,0.9,empirical_coverage,0.925,0.9138651565325223,0.9362072982650765,0.95,2000,1048,2400
one_pass_distilled,3,0.9,average_set_size,4.705416666666666,4.668046102537452,4.740959546753314,0.95,2000,1048,2400
one_pass_distilled,3,0.9,mean_acquisition_cost,0.0,0.0,0.0,0.95,2000,1048,2400
one_pass_distilled,3,0.95,source_bit_macro_f1,0.5795072096247913,0.5620758561008895,0.5967053577807638,0.95,2000,1048,2400
one_pass_distilled,3,0.95,six_way_macro_f1,0.14625181094921727,0.13882114850159363,0.15395802975127143,0.95,2000,1048,2400
one_pass_distilled,3,0.95,empirical_coverage,0.92625,0.915211787782007,0.9371284779675957,0.95,2000,1048,2400
one_pass_distilled,3,0.95,average_set_size,4.718333333333334,4.682818666722888,4.752945318972659,0.95,2000,1048,2400
one_pass_distilled,3,0.95,mean_acquisition_cost,0.0,0.0,0.0,0.95,2000,1048,2400
one_pass_distilled,4,0.9,source_bit_macro_f1,0.5795072096247913,0.5620758561008895,0.5967053577807638,0.95,2000,1048,2400
one_pass_distilled,4,0.9,six_way_macro_f1,0.14625181094921727,0.13882114850159363,0.15395802975127143,0.95,2000,1048,2400
one_pass_distilled,4,0.9,empirical_coverage,0.925,0.9138651565325223,0.9362072982650765,0.95,2000,1048,2400
one_pass_distilled,4,0.9,average_set_size,4.705416666666666,4.668046102537452,4.740959546753314,0.95,2000,1048,2400
one_pass_distilled,4,0.9,mean_acquisition_cost,0.0,0.0,0.0,0.95,2000,1048,2400
one_pass_distilled,4,0.95,source_bit_macro_f1,0.5795072096247913,0.5620758561008895,0.5967053577807638,0.95,2000,1048,2400
one_pass_distilled,4,0.95,six_way_macro_f1,0.14625181094921727,0.13882114850159363,0.15395802975127143,0.95,2000,1048,2400
one_pass_distilled,4,0.95,empirical_coverage,0.92625,0.915211787782007,0.9371284779675957,0.95,2000,1048,2400
one_pass_distilled,4,0.95,average_set_size,4.718333333333334,4.682818666722888,4.752945318972659,0.95,2000,1048,2400
one_pass_distilled,4,0.95,mean_acquisition_cost,0.0,0.0,0.0,0.95,2000,1048,2400
one_pass_distilled,7,0.9,source_bit_macro_f1,0.5795072096247913,0.5620758561008895,0.5967053577807638,0.95,2000,1048,2400
one_pass_distilled,7,0.9,six_way_macro_f1,0.14625181094921727,0.13882114850159363,0.15395802975127143,0.95,2000,1048,2400
one_pass_distilled,7,0.9,empirical_coverage,0.925,0.9138651565325223,0.9362072982650765,0.95,2000,1048,2400
one_pass_distilled,7,0.9,average_set_size,4.705416666666666,4.668046102537452,4.740959546753314,0.95,2000,1048,2400
one_pass_distilled,7,0.9,mean_acquisition_cost,0.0,0.0,0.0,0.95,2000,1048,2400
one_pass_distilled,7,0.95,source_bit_macro_f1,0.5795072096247913,0.5620758561008895,0.5967053577807638,0.95,2000,1048,2400
one_pass_distilled,7,0.95,six_way_macro_f1,0.14625181094921727,0.13882114850159363,0.15395802975127143,0.95,2000,1048,2400
one_pass_distilled,7,0.95,empirical_coverage,0.92625,0.915211787782007,0.9371284779675957,0.95,2000,1048,2400
one_pass_distilled,7,0.95,average_set_size,4.718333333333334,4.682818666722888,4.752945318972659,0.95,2000,1048,2400
one_pass_distilled,7,0.95,mean_acquisition_cost,0.0,0.0,0.0,0.95,2000,1048,2400
oracle_best_subset,1,0.9,source_bit_macro_f1,0.7603243562107166,0.7471629780284187,0.7726119599907352,0.95,2000,1048,2400
oracle_best_subset,1,0.9,six_way_macro_f1,0.5774651025133805,0.5560777530209283,0.5981190697604734,0.95,2000,1048,2400
oracle_best_subset,1,0.9,empirical_coverage,0.915,0.9022833137663961,0.9259266962469958,0.95,2000,1048,2400
oracle_best_subset,1,0.9,average_set_size,3.1841666666666666,3.1120516344625004,3.25432850918145,0.95,2000,1048,2400
oracle_best_subset,1,0.9,mean_acquisition_cost,0.9979166666666667,0.9954432477216238,0.9995871266007691,0.95,2000,1048,2400
oracle_best_subset,1,0.95,source_bit_macro_f1,0.7603243562107166,0.7471629780284187,0.7726119599907352,0.95,2000,1048,2400
oracle_best_subset,1,0.95,six_way_macro_f1,0.5774651025133805,0.5560777530209283,0.5981190697604734,0.95,2000,1048,2400
oracle_best_subset,1,0.95,empirical_coverage,0.9820833333333333,0.9762297046604258,0.9873843566021867,0.95,2000,1048,2400
oracle_best_subset,1,0.95,average_set_size,3.745,3.6879008890818485,3.799345063325724,0.95,2000,1048,2400
oracle_best_subset,1,0.95,mean_acquisition_cost,0.9979166666666667,0.9954432477216238,0.9995871266007691,0.95,2000,1048,2400
oracle_best_subset,2,0.9,source_bit_macro_f1,0.8975450996491198,0.888702727273119,0.9058201788422754,0.95,2000,1048,2400
oracle_best_subset,2,0.9,six_way_macro_f1,0.7139157143313315,0.6949259805849363,0.7316243532697808,0.95,2000,1048,2400
oracle_best_subset,2,0.9,empirical_coverage,0.9125,0.9010702037252983,0.9237797471513799,0.95,2000,1048,2400
oracle_best_subset,2,0.9,average_set_size,2.78375,2.704026353930808,2.8600233934407315,0.95,2000,1048,2400
oracle_best_subset,2,0.9,mean_acquisition_cost,1.9795833333333333,1.9729606038546867,1.985416970233139,0.95,2000,1048,2400
oracle_best_subset,2,0.95,source_bit_macro_f1,0.8975450996491198,0.888702727273119,0.9058201788422754,0.95,2000,1048,2400
oracle_best_subset,2,0.95,six_way_macro_f1,0.7139157143313315,0.6949259805849363,0.7316243532697808,0.95,2000,1048,2400
oracle_best_subset,2,0.95,empirical_coverage,0.99625,0.99363854184217,0.9983552631578947,0.95,2000,1048,2400
oracle_best_subset,2,0.95,average_set_size,4.75125,4.684925005431897,4.816516213483824,0.95,2000,1048,2400
oracle_best_subset,2,0.95,mean_acquisition_cost,1.9795833333333333,1.9729606038546867,1.985416970233139,0.95,2000,1048,2400
oracle_best_subset,3,0.9,source_bit_macro_f1,0.9537512083259249,0.947136355042197,0.9598987079054756,0.95,2000,1048,2400
oracle_best_subset,3,0.9,six_way_macro_f1,0.7439570319795074,0.7277783897203632,0.7597895303498742,0.95,2000,1048,2400
oracle_best_subset,3,0.9,empirical_coverage,0.91875,0.9074851971714436,0.9298773723161324,0.95,2000,1048,2400
oracle_best_subset,3,0.9,average_set_size,2.8008333333333333,2.722958226607107,2.8753172029569236,0.95,2000,1048,2400
oracle_best_subset,3,0.9,mean_acquisition_cost,2.9404166666666667,2.927498814921682,2.9519234822934233,0.95,2000,1048,2400
oracle_best_subset,3,0.95,source_bit_macro_f1,0.9537512083259249,0.947136355042197,0.9598987079054756,0.95,2000,1048,2400
oracle_best_subset,3,0.95,six_way_macro_f1,0.7439570319795074,0.7277783897203632,0.7597895303498742,0.95,2000,1048,2400
oracle_best_subset,3,0.95,empirical_coverage,0.9979166666666667,0.995850622406639,0.9995794873878904,0.95,2000,1048,2400
oracle_best_subset,3,0.95,average_set_size,4.367916666666667,4.295702894311856,4.438091769778133,0.95,2000,1048,2400
oracle_best_subset,3,0.95,mean_acquisition_cost,2.9404166666666667,2.927498814921682,2.9519234822934233,0.95,2000,1048,2400
oracle_best_subset,4,0.9,source_bit_macro_f1,0.9701962707941648,0.9645090436294241,0.9752268253026423,0.95,2000,1048,2400
oracle_best_subset,4,0.9,six_way_macro_f1,0.7732787782276901,0.758050935827956,0.7877209746832274,0.95,2000,1048,2400
oracle_best_subset,4,0.9,empirical_coverage,0.9433333333333334,0.9332220014478908,0.9529709148119471,0.95,2000,1048,2400
oracle_best_subset,4,0.9,average_set_size,2.935416666666667,2.85719797591699,3.010032234575356,0.95,2000,1048,2400
oracle_best_subset,4,0.9,mean_acquisition_cost,3.7929166666666667,3.771792549888076,3.812131485443772,0.95,2000,1048,2400
oracle_best_subset,4,0.95,source_bit_macro_f1,0.9701962707941648,0.9645090436294241,0.9752268253026423,0.95,2000,1048,2400
oracle_best_subset,4,0.95,six_way_macro_f1,0.7732787782276901,0.758050935827956,0.7877209746832274,0.95,2000,1048,2400
oracle_best_subset,4,0.95,empirical_coverage,0.9929166666666667,0.9894421209756711,0.9961865214053015,0.95,2000,1048,2400
oracle_best_subset,4,0.95,average_set_size,3.59875,3.5209997222029306,3.6742190483557593,0.95,2000,1048,2400
oracle_best_subset,4,0.95,mean_acquisition_cost,3.7929166666666667,3.771792549888076,3.812131485443772,0.95,2000,1048,2400
oracle_best_subset,7,0.9,source_bit_macro_f1,0.971743384824292,0.9657445537486028,0.9772132668134226,0.95,2000,1048,2400
oracle_best_subset,7,0.9,six_way_macro_f1,0.7697490548447784,0.7521856165255107,0.785005208179971,0.95,2000,1048,2400
oracle_best_subset,7,0.9,empirical_coverage,0.9895833333333334,0.9852573805814167,0.9933279121490131,0.95,2000,1048,2400
oracle_best_subset,7,0.9,average_set_size,2.9879166666666666,2.914104762993178,3.058563377921548,0.95,2000,1048,2400
oracle_best_subset,7,0.9,mean_acquisition_cost,4.6375,4.593223533788198,4.681039999715254,0.95,2000,1048,2400
oracle_best_subset,7,0.95,source_bit_macro_f1,0.971743384824292,0.9657445537486028,0.9772132668134226,0.95,2000,1048,2400
oracle_best_subset,7,0.95,six_way_macro_f1,0.7697490548447784,0.7521856165255107,0.785005208179971,0.95,2000,1048,2400
oracle_best_subset,7,0.95,empirical_coverage,0.9895833333333334,0.9852573805814167,0.9933279121490131,0.95,2000,1048,2400
oracle_best_subset,7,0.95,average_set_size,2.9879166666666666,2.914104762993178,3.058563377921548,0.95,2000,1048,2400
oracle_best_subset,7,0.95,mean_acquisition_cost,4.6375,4.593223533788198,4.681039999715254,0.95,2000,1048,2400
oracle_next,1,0.9,source_bit_macro_f1,0.7608257651879354,0.7476096368086017,0.7730351251589593,0.95,2000,1048,2400
oracle_next,1,0.9,six_way_macro_f1,0.5780108583214113,0.5567954801752638,0.5985304337404257,0.95,2000,1048,2400
oracle_next,1,0.9,empirical_coverage,0.9154166666666667,0.9027184890318815,0.9263257085321374,0.95,2000,1048,2400
oracle_next,1,0.9,average_set_size,3.18625,3.1144456453634084,3.257088087073982,0.95,2000,1048,2400
oracle_next,1,0.9,mean_acquisition_cost,0.9979166666666667,0.9954432477216238,0.9995871266007691,0.95,2000,1048,2400
oracle_next,1,0.95,source_bit_macro_f1,0.7608257651879354,0.7476096368086017,0.7730351251589593,0.95,2000,1048,2400
oracle_next,1,0.95,six_way_macro_f1,0.5780108583214113,0.5567954801752638,0.5985304337404257,0.95,2000,1048,2400
oracle_next,1,0.95,empirical_coverage,0.9816666666666667,0.9756996639236389,0.9869638351555929,0.95,2000,1048,2400
oracle_next,1,0.95,average_set_size,3.7408333333333332,3.683230441363357,3.794595799180328,0.95,2000,1048,2400
oracle_next,1,0.95,mean_acquisition_cost,0.9979166666666667,0.9954432477216238,0.9995871266007691,0.95,2000,1048,2400
oracle_next,2,0.9,source_bit_macro_f1,0.8878189226837598,0.8783462953103107,0.8967597969831118,0.95,2000,1048,2400
oracle_next,2,0.9,six_way_macro_f1,0.73235770794119,0.7153001588812069,0.7494649914449981,0.95,2000,1048,2400
oracle_next,2,0.9,empirical_coverage,0.9175,0.9061970088138775,0.9284540572012087,0.95,2000,1048,2400
oracle_next,2,0.9,average_set_size,2.8220833333333335,2.7420388792496686,2.8987613693980814,0.95,2000,1048,2400
oracle_next,2,0.9,mean_acquisition_cost,1.9708333333333334,1.9618858129462313,1.9788564567365874,0.95,2000,1048,2400
oracle_next,2,0.95,source_bit_macro_f1,0.8878189226837598,0.8783462953103107,0.8967597969831118,0.95,2000,1048,2400
oracle_next,2,0.95,six_way_macro_f1,0.73235770794119,0.7153001588812069,0.7494649914449981,0.95,2000,1048,2400
oracle_next,2,0.95,empirical_coverage,0.9958333333333333,0.9932884497264157,0.9983165690518632,0.95,2000,1048,2400
oracle_next,2,0.95,average_set_size,4.761666666666667,4.695735647506622,4.8261060136831455,0.95,2000,1048,2400
oracle_next,2,0.95,mean_acquisition_cost,1.9708333333333334,1.9618858129462313,1.9788564567365874,0.95,2000,1048,2400
oracle_next,3,0.9,source_bit_macro_f1,0.9332680923319177,0.9253589828427901,0.9410742130404212,0.95,2000,1048,2400
oracle_next,3,0.9,six_way_macro_f1,0.7718768912149606,0.7546667654686617,0.7880113367690537,0.95,2000,1048,2400
oracle_next,3,0.9,empirical_coverage,0.9429166666666666,0.9333902691207313,0.9520035015290729,0.95,2000,1048,2400
oracle_next,3,0.9,average_set_size,2.890833333333333,2.8106525133285136,2.9669262575177693,0.95,2000,1048,2400
oracle_next,3,0.9,mean_acquisition_cost,2.88625,2.8689876783160364,2.9020665461432507,0.95,2000,1048,2400
oracle_next,3,0.95,source_bit_macro_f1,0.9332680923319177,0.9253589828427901,0.9410742130404212,0.95,2000,1048,2400
oracle_next,3,0.95,six_way_macro_f1,0.7718768912149606,0.7546667654686617,0.7880113367690537,0.95,2000,1048,2400
oracle_next,3,0.95,empirical_coverage,0.9995833333333334,0.998728786604563,1.0,0.95,2000,1048,2400
oracle_next,3,0.95,average_set_size,4.427083333333333,4.354784840770488,4.495416762073272,0.95,2000,1048,2400
oracle_next,3,0.95,mean_acquisition_cost,2.88625,2.8689876783160364,2.9020665461432507,0.95,2000,1048,2400
oracle_next,4,0.9,source_bit_macro_f1,0.9343608355978231,0.9259093389584113,0.9423209652896849,0.95,2000,1048,2400
oracle_next,4,0.9,six_way_macro_f1,0.7746237118863372,0.7576651664919537,0.7901273828538737,0.95,2000,1048,2400
oracle_next,4,0.9,empirical_coverage,0.9575,0.9491663135593221,0.9650880067273676,0.95,2000,1048,2400
oracle_next,4,0.9,average_set_size,3.12625,3.050069632594417,3.196193793711704,0.95,2000,1048,2400
oracle_next,4,0.9,mean_acquisition_cost,3.4916666666666667,3.4540127991785865,3.5277394279569227,0.95,2000,1048,2400
oracle_next,4,0.95,source_bit_macro_f1,0.9343608355978231,0.9259093389584113,0.9423209652896849,0.95,2000,1048,2400
oracle_next,4,0.95,six_way_macro_f1,0.7746237118863372,0.7576651664919537,0.7901273828538737,0.95,2000,1048,2400
oracle_next,4,0.95,empirical_coverage,0.9958333333333333,0.993061224489796,0.9983009085369671,0.95,2000,1048,2400
oracle_next,4,0.95,average_set_size,3.8404166666666666,3.765236805406565,3.919304172797404,0.95,2000,1048,2400
oracle_next,4,0.95,mean_acquisition_cost,3.4916666666666667,3.4540127991785865,3.5277394279569227,0.95,2000,1048,2400
oracle_next,7,0.9,source_bit_macro_f1,0.8715541333814943,0.860024609988078,0.8826972361262887,0.95,2000,1048,2400
oracle_next,7,0.9,six_way_macro_f1,0.6871594899610908,0.6676525480315656,0.7055767203737972,0.95,2000,1048,2400
oracle_next,7,0.9,empirical_coverage,0.97375,0.967344310215016,0.9800170068027211,0.95,2000,1048,2400
oracle_next,7,0.9,average_set_size,3.4170833333333333,3.3457557428085236,3.485214710010956,0.95,2000,1048,2400
oracle_next,7,0.9,mean_acquisition_cost,3.11375,3.0510931016453644,3.1734183648476533,0.95,2000,1048,2400
oracle_next,7,0.95,source_bit_macro_f1,0.8715541333814943,0.860024609988078,0.8826972361262887,0.95,2000,1048,2400
oracle_next,7,0.95,six_way_macro_f1,0.6871594899610908,0.6676525480315656,0.7055767203737972,0.95,2000,1048,2400
oracle_next,7,0.95,empirical_coverage,0.97375,0.967344310215016,0.9800170068027211,0.95,2000,1048,2400
oracle_next,7,0.95,average_set_size,3.4170833333333333,3.3457557428085236,3.485214710010956,0.95,2000,1048,2400
oracle_next,7,0.95,mean_acquisition_cost,3.11375,3.0510931016453644,3.1734183648476533,0.95,2000,1048,2400
proactive,1,0.9,source_bit_macro_f1,0.6658520995960339,0.6483285720829214,0.682376816799937,0.95,2000,1048,2400
proactive,1,0.9,six_way_macro_f1,0.37415966056406363,0.3573950444560701,0.39098422935307464,0.95,2000,1048,2400
proactive,1,0.9,empirical_coverage,0.9466666666666667,0.9372883290511096,0.9556599888058842,0.95,2000,1048,2400
proactive,1,0.9,average_set_size,3.9466666666666668,3.8856872442125328,4.007016592901931,0.95,2000,1048,2400
proactive,1,0.9,mean_acquisition_cost,1.0,1.0,1.0,0.95,2000,1048,2400
proactive,1,0.95,source_bit_macro_f1,0.6658520995960339,0.6483285720829214,0.682376816799937,0.95,2000,1048,2400
proactive,1,0.95,six_way_macro_f1,0.37415966056406363,0.3573950444560701,0.39098422935307464,0.95,2000,1048,2400
proactive,1,0.95,empirical_coverage,0.9779166666666667,0.972220515970516,0.983764152029168,0.95,2000,1048,2400
proactive,1,0.95,average_set_size,4.275833333333333,4.2297546188322555,4.320633372449343,0.95,2000,1048,2400
proactive,1,0.95,mean_acquisition_cost,1.0,1.0,1.0,0.95,2000,1048,2400
proactive,2,0.9,source_bit_macro_f1,0.8191021265955643,0.8054794531479623,0.831963659005476,0.95,2000,1048,2400
proactive,2,0.9,six_way_macro_f1,0.48906339401222226,0.4689187281534934,0.5088161833974841,0.95,2000,1048,2400
proactive,2,0.9,empirical_coverage,0.9666666666666667,0.9589603213272608,0.9737936772046589,0.95,2000,1048,2400
proactive,2,0.9,average_set_size,3.6733333333333333,3.608128808421627,3.733529309198508,0.95,2000,1048,2400
proactive,2,0.9,mean_acquisition_cost,1.9908333333333332,1.9868860771745676,1.9945923460898503,0.95,2000,1048,2400
proactive,2,0.95,source_bit_macro_f1,0.8191021265955643,0.8054794531479623,0.831963659005476,0.95,2000,1048,2400
proactive,2,0.95,six_way_macro_f1,0.48906339401222226,0.4689187281534934,0.5088161833974841,0.95,2000,1048,2400
proactive,2,0.95,empirical_coverage,0.9979166666666667,0.9958296840237931,0.9995805369127517,0.95,2000,1048,2400
proactive,2,0.95,average_set_size,5.087916666666667,5.035268978413603,5.137120678460506,0.95,2000,1048,2400
proactive,2,0.95,mean_acquisition_cost,1.9908333333333332,1.9868860771745676,1.9945923460898503,0.95,2000,1048,2400
proactive,3,0.9,source_bit_macro_f1,0.9184379993726685,0.9093925731246485,0.92742581526764,0.95,2000,1048,2400
proactive,3,0.9,six_way_macro_f1,0.6379170014594523,0.6185339489733239,0.6557552781066478,0.95,2000,1048,2400
proactive,3,0.9,empirical_coverage,0.9729166666666667,0.9661151791984012,0.9793436301992549,0.95,2000,1048,2400
proactive,3,0.9,average_set_size,3.4275,3.3609392978631707,3.490051390493988,0.95,2000,1048,2400
proactive,3,0.9,mean_acquisition_cost,2.986666666666667,2.9807840896210376,2.9921683393522396,0.95,2000,1048,2400
proactive,3,0.95,source_bit_macro_f1,0.9184379993726685,0.9093925731246485,0.92742581526764,0.95,2000,1048,2400
proactive,3,0.95,six_way_macro_f1,0.6379170014594523,0.6185339489733239,0.6557552781066478,0.95,2000,1048,2400
proactive,3,0.95,empirical_coverage,0.9979166666666667,0.9958505362484664,0.9995798407524219,0.95,2000,1048,2400
proactive,3,0.95,average_set_size,4.837083333333333,4.777777777777778,4.897928940168203,0.95,2000,1048,2400
proactive,3,0.95,mean_acquisition_cost,2.986666666666667,2.9807840896210376,2.9921683393522396,0.95,2000,1048,2400
proactive,4,0.9,source_bit_macro_f1,0.9625353395321646,0.9566503297028538,0.9682901083243939,0.95,2000,1048,2400
proactive,4,0.9,six_way_macro_f1,0.7193148580566034,0.7017854569467521,0.7348513963218717,0.95,2000,1048,2400
proactive,4,0.9,empirical_coverage,0.9808333333333333,0.9752669096077928,0.9862043015146562,0.95,2000,1048,2400
proactive,4,0.9,average_set_size,4.102083333333334,4.028268851375129,4.176059396078705,0.95,2000,1048,2400
proactive,4,0.9,mean_acquisition_cost,3.9704166666666665,3.962485033375658,3.978117586007623,0.95,2000,1048,2400
proactive,4,0.95,source_bit_macro_f1,0.9625353395321646,0.9566503297028538,0.9682901083243939,0.95,2000,1048,2400
proactive,4,0.95,six_way_macro_f1,0.7193148580566034,0.7017854569467521,0.7348513963218717,0.95,2000,1048,2400
proactive,4,0.95,empirical_coverage,0.9983333333333333,0.9966244013000343,0.9995888326689568,0.95,2000,1048,2400
proactive,4,0.95,average_set_size,4.6275,4.562597190213878,4.691524885423789,0.95,2000,1048,2400
proactive,4,0.95,mean_acquisition_cost,3.9704166666666665,3.962485033375658,3.978117586007623,0.95,2000,1048,2400
proactive,7,0.9,source_bit_macro_f1,0.9882439872026612,0.9847046178612365,0.9913244698829211,0.95,2000,1048,2400
proactive,7,0.9,six_way_macro_f1,0.7456325201087722,0.730426860282931,0.759356199298126,0.95,2000,1048,2400
proactive,7,0.9,empirical_coverage,0.99875,0.9971050454921423,1.0,0.95,2000,1048,2400
proactive,7,0.9,average_set_size,4.543333333333333,4.46864551718991,4.620992265945335,0.95,2000,1048,2400
proactive,7,0.9,mean_acquisition_cost,5.5775,5.546743889226152,5.607647547797174,0.95,2000,1048,2400
proactive,7,0.95,source_bit_macro_f1,0.9882439872026612,0.9847046178612365,0.9913244698829211,0.95,2000,1048,2400
proactive,7,0.95,six_way_macro_f1,0.7456325201087722,0.730426860282931,0.759356199298126,0.95,2000,1048,2400
proactive,7,0.95,empirical_coverage,0.99875,0.9971050454921423,1.0,0.95,2000,1048,2400
proactive,7,0.95,average_set_size,4.543333333333333,4.46864551718991,4.620992265945335,0.95,2000,1048,2400
proactive,7,0.95,mean_acquisition_cost,5.5775,5.546743889226152,5.607647547797174,0.95,2000,1048,2400
proactive_no_stop,1,0.9,source_bit_macro_f1,0.6658520995960339,0.6483285720829214,0.682376816799937,0.95,2000,1048,2400
proactive_no_stop,1,0.9,six_way_macro_f1,0.37415966056406363,0.3573950444560701,0.39098422935307464,0.95,2000,1048,2400
proactive_no_stop,1,0.9,empirical_coverage,0.9466666666666667,0.9372883290511096,0.9556599888058842,0.95,2000,1048,2400
proactive_no_stop,1,0.9,average_set_size,3.9466666666666668,3.8856872442125328,4.007016592901931,0.95,2000,1048,2400
proactive_no_stop,1,0.9,mean_acquisition_cost,1.0,1.0,1.0,0.95,2000,1048,2400
proactive_no_stop,1,0.95,source_bit_macro_f1,0.6658520995960339,0.6483285720829214,0.682376816799937,0.95,2000,1048,2400
proactive_no_stop,1,0.95,six_way_macro_f1,0.37415966056406363,0.3573950444560701,0.39098422935307464,0.95,2000,1048,2400
proactive_no_stop,1,0.95,empirical_coverage,0.9779166666666667,0.972220515970516,0.983764152029168,0.95,2000,1048,2400
proactive_no_stop,1,0.95,average_set_size,4.275833333333333,4.2297546188322555,4.320633372449343,0.95,2000,1048,2400
proactive_no_stop,1,0.95,mean_acquisition_cost,1.0,1.0,1.0,0.95,2000,1048,2400
proactive_no_stop,2,0.9,source_bit_macro_f1,0.8189163441146903,0.8052480491199374,0.8317801994423328,0.95,2000,1048,2400
proactive_no_stop,2,0.9,six_way_macro_f1,0.48906339401222226,0.4689187281534934,0.5088161833974841,0.95,2000,1048,2400
proactive_no_stop,2,0.9,empirical_coverage,0.9658333333333333,0.9581953642384106,0.9733337563451777,0.95,2000,1048,2400
proactive_no_stop,2,0.9,average_set_size,3.6725,3.6066892336897567,3.7322794012086575,0.95,2000,1048,2400
proactive_no_stop,2,0.9,mean_acquisition_cost,2.0,2.0,2.0,0.95,2000,1048,2400
proactive_no_stop,2,0.95,source_bit_macro_f1,0.8189163441146903,0.8052480491199374,0.8317801994423328,0.95,2000,1048,2400
proactive_no_stop,2,0.95,six_way_macro_f1,0.48906339401222226,0.4689187281534934,0.5088161833974841,0.95,2000,1048,2400
proactive_no_stop,2,0.95,empirical_coverage,0.9979166666666667,0.9958296840237931,0.9995805369127517,0.95,2000,1048,2400
proactive_no_stop,2,0.95,average_set_size,5.09375,5.040811606219318,5.142215087601405,0.95,2000,1048,2400
proactive_no_stop,2,0.95,mean_acquisition_cost,2.0,2.0,2.0,0.95,2000,1048,2400
proactive_no_stop,3,0.9,source_bit_macro_f1,0.9186389693604667,0.9095702267306539,0.9276323006413377,0.95,2000,1048,2400
proactive_no_stop,3,0.9,six_way_macro_f1,0.6379170014594523,0.6185339489733239,0.6557552781066478,0.95,2000,1048,2400
proactive_no_stop,3,0.9,empirical_coverage,0.9720833333333333,0.9652744640387275,0.9786094111013313,0.95,2000,1048,2400
proactive_no_stop,3,0.9,average_set_size,3.4275,3.360427955234902,3.490535976760896,0.95,2000,1048,2400
proactive_no_stop,3,0.9,mean_acquisition_cost,3.0,3.0,3.0,0.95,2000,1048,2400
proactive_no_stop,3,0.95,source_bit_macro_f1,0.9186389693604667,0.9095702267306539,0.9276323006413377,0.95,2000,1048,2400
proactive_no_stop,3,0.95,six_way_macro_f1,0.6379170014594523,0.6185339489733239,0.6557552781066478,0.95,2000,1048,2400
proactive_no_stop,3,0.95,empirical_coverage,0.9975,0.9953935383118443,0.999176276771005,0.95,2000,1048,2400
proactive_no_stop,3,0.95,average_set_size,4.8375,4.77726180786853,4.900586663484763,0.95,2000,1048,2400
proactive_no_stop,3,0.95,mean_acquisition_cost,3.0,3.0,3.0,0.95,2000,1048,2400
proactive_no_stop,4,0.9,source_bit_macro_f1,0.9625353395321646,0.9566503297028538,0.9682901083243939,0.95,2000,1048,2400
proactive_no_stop,4,0.9,six_way_macro_f1,0.7193148580566034,0.7017854569467521,0.7348513963218717,0.95,2000,1048,2400
proactive_no_stop,4,0.9,empirical_coverage,0.9808333333333333,0.9752669096077928,0.9862043015146562,0.95,2000,1048,2400
proactive_no_stop,4,0.9,average_set_size,4.089583333333334,4.0149395925080915,4.161249295139681,0.95,2000,1048,2400
proactive_no_stop,4,0.9,mean_acquisition_cost,4.0,4.0,4.0,0.95,2000,1048,2400
proactive_no_stop,4,0.95,source_bit_macro_f1,0.9625353395321646,0.9566503297028538,0.9682901083243939,0.95,2000,1048,2400
proactive_no_stop,4,0.95,six_way_macro_f1,0.7193148580566034,0.7017854569467521,0.7348513963218717,0.95,2000,1048,2400
proactive_no_stop,4,0.95,empirical_coverage,0.9983333333333333,0.9966244013000343,0.9995888326689568,0.95,2000,1048,2400
proactive_no_stop,4,0.95,average_set_size,4.608333333333333,4.539138792409141,4.67304259042171,0.95,2000,1048,2400
proactive_no_stop,4,0.95,mean_acquisition_cost,4.0,4.0,4.0,0.95,2000,1048,2400
proactive_no_stop,7,0.9,source_bit_macro_f1,0.9945310972449599,0.9920802884126384,0.9966753989779944,0.95,2000,1048,2400
proactive_no_stop,7,0.9,six_way_macro_f1,0.7697286824384438,0.7573132627672257,0.7812631955653211,0.95,2000,1048,2400
proactive_no_stop,7,0.9,empirical_coverage,0.99875,0.9971167901457942,1.0,0.95,2000,1048,2400
proactive_no_stop,7,0.9,average_set_size,4.515416666666667,4.441157475490196,4.590373477809399,0.95,2000,1048,2400
proactive_no_stop,7,0.9,mean_acquisition_cost,6.0,6.0,6.0,0.95,2000,1048,2400
proactive_no_stop,7,0.95,source_bit_macro_f1,0.9945310972449599,0.9920802884126384,0.9966753989779944,0.95,2000,1048,2400
proactive_no_stop,7,0.95,six_way_macro_f1,0.7697286824384438,0.7573132627672257,0.7812631955653211,0.95,2000,1048,2400
proactive_no_stop,7,0.95,empirical_coverage,0.99875,0.9971167901457942,1.0,0.95,2000,1048,2400
proactive_no_stop,7,0.95,average_set_size,4.515416666666667,4.441157475490196,4.590373477809399,0.95,2000,1048,2400
proactive_no_stop,7,0.95,mean_acquisition_cost,6.0,6.0,6.0,0.95,2000,1048,2400
random,1,0.9,source_bit_macro_f1,0.6200596357025572,0.602417315698089,0.6382463447154787,0.95,2000,1048,2400
random,1,0.9,six_way_macro_f1,0.3196429806689546,0.30075184125346205,0.3371931963457258,0.95,2000,1048,2400
random,1,0.9,empirical_coverage,0.92625,0.91520412035177,0.9370278643262747,0.95,2000,1048,2400
random,1,0.9,average_set_size,4.326666666666667,4.2704132864238415,4.381164571098556,0.95,2000,1048,2400
random,1,0.9,mean_acquisition_cost,1.0,1.0,1.0,0.95,2000,1048,2400
random,1,0.95,source_bit_macro_f1,0.6200596357025572,0.602417315698089,0.6382463447154787,0.95,2000,1048,2400
random,1,0.95,six_way_macro_f1,0.3196429806689546,0.30075184125346205,0.3371931963457258,0.95,2000,1048,2400
random,1,0.95,empirical_coverage,0.9470833333333334,0.9374974087893864,0.9563246091785009,0.95,2000,1048,2400
random,1,0.95,average_set_size,4.492083333333333,4.446249729664403,4.534893276386123,0.95,2000,1048,2400
random,1,0.95,mean_acquisition_cost,1.0,1.0,1.0,0.95,2000,1048,2400
random,2,0.9,source_bit_macro_f1,0.7002023149453208,0.6832656080524933,0.716473826223979,0.95,2000,1048,2400
random,2,0.9,six_way_macro_f1,0.39994682414860144,0.3786862640779897,0.4199184742768546,0.95,2000,1048,2400
random,2,0.9,empirical_coverage,0.94125,0.9310638121156428,0.9507042253521126,0.95,2000,1048,2400
random,2,0.9,average_set_size,4.05375,3.9917458501462058,4.11481823560621,0.95,2000,1048,2400
random,2,0.9,mean_acquisition_cost,2.0,2.0,2.0,0.95,2000,1048,2400
random,2,0.95,source_bit_macro_f1,0.7002023149453208,0.6832656080524933,0.716473826223979,0.95,2000,1048,2400
random,2,0.95,six_way_macro_f1,0.39994682414860144,0.3786862640779897,0.4199184742768546,0.95,2000,1048,2400
random,2,0.95,empirical_coverage,0.9858333333333333,0.9805941490196614,0.9904330096295764,0.95,2000,1048,2400
random,2,0.95,average_set_size,5.207083333333333,5.164731692904759,5.2514107893486095,0.95,2000,1048,2400
random,2,0.95,mean_acquisition_cost,2.0,2.0,2.0,0.95,2000,1048,2400
random,3,0.9,source_bit_macro_f1,0.7710920119470642,0.7552712974039082,0.7863345241139564,0.95,2000,1048,2400
random,3,0.9,six_way_macro_f1,0.48639063202092964,0.4664922674406419,0.5060514810786462,0.95,2000,1048,2400
random,3,0.9,empirical_coverage,0.9641666666666666,0.9563781133585788,0.9714409879134965,0.95,2000,1048,2400
random,3,0.9,average_set_size,3.8775,3.8118231355631846,3.9392910886519044,0.95,2000,1048,2400
random,3,0.9,mean_acquisition_cost,3.0,3.0,3.0,0.95,2000,1048,2400
random,3,0.95,source_bit_macro_f1,0.7710920119470642,0.7552712974039082,0.7863345241139564,0.95,2000,1048,2400
random,3,0.95,six_way_macro_f1,0.48639063202092964,0.4664922674406419,0.5060514810786462,0.95,2000,1048,2400
random,3,0.95,empirical_coverage,0.9908333333333333,0.9866105983193513,0.9945470941369398,0.95,2000,1048,2400
random,3,0.95,average_set_size,4.989583333333333,4.932801169937637,5.042955699412587,0.95,2000,1048,2400
random,3,0.95,mean_acquisition_cost,3.0,3.0,3.0,0.95,2000,1048,2400
random,4,0.9,source_bit_macro_f1,0.8447447966168024,0.8315650199974538,0.8577427913875698,0.95,2000,1048,2400
random,4,0.9,six_way_macro_f1,0.5743964801979201,0.5542941026432642,0.5936385011720327,0.95,2000,1048,2400
random,4,0.9,empirical_coverage,0.9795833333333334,0.9738583783653382,0.9849636581044618,0.95,2000,1048,2400
random,4,0.9,average_set_size,4.2725,4.198907192211055,4.34456529118027,0.95,2000,1048,2400
random,4,0.9,mean_acquisition_cost,4.0,4.0,4.0,0.95,2000,1048,2400
random,4,0.95,source_bit_macro_f1,0.8447447966168024,0.8315650199974538,0.8577427913875698,0.95,2000,1048,2400
random,4,0.95,six_way_macro_f1,0.5743964801979201,0.5542941026432642,0.5936385011720327,0.95,2000,1048,2400
random,4,0.95,empirical_coverage,0.9933333333333333,0.9897372742200329,0.996595889296625,0.95,2000,1048,2400
random,4,0.95,average_set_size,4.839166666666666,4.7695568343616515,4.9000867694548695,0.95,2000,1048,2400
random,4,0.95,mean_acquisition_cost,4.0,4.0,4.0,0.95,2000,1048,2400
random,7,0.9,source_bit_macro_f1,0.9945310972449599,0.9920802884126384,0.9966753989779944,0.95,2000,1048,2400
random,7,0.9,six_way_macro_f1,0.7697286824384438,0.7573132627672257,0.7812631955653211,0.95,2000,1048,2400
random,7,0.9,empirical_coverage,0.99875,0.9971167901457942,1.0,0.95,2000,1048,2400
random,7,0.9,average_set_size,4.515416666666667,4.441157475490196,4.590373477809399,0.95,2000,1048,2400
random,7,0.9,mean_acquisition_cost,6.0,6.0,6.0,0.95,2000,1048,2400
random,7,0.95,source_bit_macro_f1,0.9945310972449599,0.9920802884126384,0.9966753989779944,0.95,2000,1048,2400
random,7,0.95,six_way_macro_f1,0.7697286824384438,0.7573132627672257,0.7812631955653211,0.95,2000,1048,2400
random,7,0.95,empirical_coverage,0.99875,0.9971167901457942,1.0,0.95,2000,1048,2400
random,7,0.95,average_set_size,4.515416666666667,4.441157475490196,4.590373477809399,0.95,2000,1048,2400
random,7,0.95,mean_acquisition_cost,6.0,6.0,6.0,0.95,2000,1048,2400
relation_first,1,0.9,source_bit_macro_f1,0.6610558756594717,0.647263064604765,0.6741831839632801,0.95,2000,1048,2400
relation_first,1,0.9,six_way_macro_f1,0.28114625553069034,0.26106475596089435,0.2995199908657335,0.95,2000,1048,2400
relation_first,1,0.9,empirical_coverage,0.9866666666666667,0.9816964087631725,0.9909854391576702,0.95,2000,1048,2400
relation_first,1,0.9,average_set_size,4.55125,4.505393967416901,4.596570293786106,0.95,2000,1048,2400
relation_first,1,0.9,mean_acquisition_cost,1.0,1.0,1.0,0.95,2000,1048,2400
relation_first,1,0.95,source_bit_macro_f1,0.6610558756594717,0.647263064604765,0.6741831839632801,0.95,2000,1048,2400
relation_first,1,0.95,six_way_macro_f1,0.28114625553069034,0.26106475596089435,0.2995199908657335,0.95,2000,1048,2400
relation_first,1,0.95,empirical_coverage,0.9979166666666667,0.9958471760797342,0.9995836802664446,0.95,2000,1048,2400
relation_first,1,0.95,average_set_size,4.6225,4.5824285834883405,4.660418855042017,0.95,2000,1048,2400
relation_first,1,0.95,mean_acquisition_cost,1.0,1.0,1.0,0.95,2000,1048,2400
relation_first,2,0.9,source_bit_macro_f1,0.8415138169558946,0.8305695212194536,0.8516721375860243,0.95,2000,1048,2400
relation_first,2,0.9,six_way_macro_f1,0.4848169843956837,0.46518974030095295,0.5034484101838028,0.95,2000,1048,2400
relation_first,2,0.9,empirical_coverage,0.9941666666666666,0.9909465020576131,0.9970931437772378,0.95,2000,1048,2400
relation_first,2,0.9,average_set_size,3.83125,3.774977795594646,3.8876507866787247,0.95,2000,1048,2400
relation_first,2,0.9,mean_acquisition_cost,2.0,2.0,2.0,0.95,2000,1048,2400
relation_first,2,0.95,source_bit_macro_f1,0.8415138169558946,0.8305695212194536,0.8516721375860243,0.95,2000,1048,2400
relation_first,2,0.95,six_way_macro_f1,0.4848169843956837,0.46518974030095295,0.5034484101838028,0.95,2000,1048,2400
relation_first,2,0.95,empirical_coverage,0.9991666666666666,0.997893850042123,1.0,0.95,2000,1048,2400
relation_first,2,0.95,average_set_size,5.187083333333334,5.141991466689333,5.2322664442077125,0.95,2000,1048,2400
relation_first,2,0.95,mean_acquisition_cost,2.0,2.0,2.0,0.95,2000,1048,2400
relation_first,3,0.9,source_bit_macro_f1,0.9348807034078676,0.9271396151938998,0.9427751992069204,0.95,2000,1048,2400
relation_first,3,0.9,six_way_macro_f1,0.6670449993609356,0.6486449887296755,0.6835713151346254,0.95,2000,1048,2400
relation_first,3,0.9,empirical_coverage,0.9816666666666667,0.97624704218107,0.9866558242980261,0.95,2000,1048,2400
relation_first,3,0.9,average_set_size,3.4483333333333333,3.3861143899889323,3.507008729146867,0.95,2000,1048,2400
relation_first,3,0.9,mean_acquisition_cost,3.0,3.0,3.0,0.95,2000,1048,2400
relation_first,3,0.95,source_bit_macro_f1,0.9348807034078676,0.9271396151938998,0.9427751992069204,0.95,2000,1048,2400
relation_first,3,0.95,six_way_macro_f1,0.6670449993609356,0.6486449887296755,0.6835713151346254,0.95,2000,1048,2400
relation_first,3,0.95,empirical_coverage,0.9995833333333334,0.9987298899237934,1.0,0.95,2000,1048,2400
relation_first,3,0.95,average_set_size,4.835,4.775580791940326,4.897035628594616,0.95,2000,1048,2400
relation_first,3,0.95,mean_acquisition_cost,3.0,3.0,3.0,0.95,2000,1048,2400
relation_first,4,0.9,source_bit_macro_f1,0.9668596563694608,0.9611439531275455,0.9722190793508991,0.95,2000,1048,2400
relation_first,4,0.9,six_way_macro_f1,0.7330634300240249,0.7169692606603291,0.7466372447944513,0.95,2000,1048,2400
relation_first,4,0.9,empirical_coverage,0.97875,0.9730063729200836,0.9842845326716294,0.95,2000,1048,2400
relation_first,4,0.9,average_set_size,4.044583333333334,3.9667612333711224,4.115029387069689,0.95,2000,1048,2400
relation_first,4,0.9,mean_acquisition_cost,4.0,4.0,4.0,0.95,2000,1048,2400
relation_first,4,0.95,source_bit_macro_f1,0.9668596563694608,0.9611439531275455,0.9722190793508991,0.95,2000,1048,2400
relation_first,4,0.95,six_way_macro_f1,0.7330634300240249,0.7169692606603291,0.7466372447944513,0.95,2000,1048,2400
relation_first,4,0.95,empirical_coverage,0.99875,0.9971119721657596,1.0,0.95,2000,1048,2400
relation_first,4,0.95,average_set_size,4.598333333333334,4.5307313328249625,4.664887752427911,0.95,2000,1048,2400
relation_first,4,0.95,mean_acquisition_cost,4.0,4.0,4.0,0.95,2000,1048,2400
relation_first,7,0.9,source_bit_macro_f1,0.9945310972449599,0.9920802884126384,0.9966753989779944,0.95,2000,1048,2400
relation_first,7,0.9,six_way_macro_f1,0.7697286824384438,0.7573132627672257,0.7812631955653211,0.95,2000,1048,2400
relation_first,7,0.9,empirical_coverage,0.99875,0.9971167901457942,1.0,0.95,2000,1048,2400
relation_first,7,0.9,average_set_size,4.515416666666667,4.441157475490196,4.590373477809399,0.95,2000,1048,2400
relation_first,7,0.9,mean_acquisition_cost,6.0,6.0,6.0,0.95,2000,1048,2400
relation_first,7,0.95,source_bit_macro_f1,0.9945310972449599,0.9920802884126384,0.9966753989779944,0.95,2000,1048,2400
relation_first,7,0.95,six_way_macro_f1,0.7697286824384438,0.7573132627672257,0.7812631955653211,0.95,2000,1048,2400
relation_first,7,0.95,empirical_coverage,0.99875,0.9971167901457942,1.0,0.95,2000,1048,2400
relation_first,7,0.95,average_set_size,4.515416666666667,4.441157475490196,4.590373477809399,0.95,2000,1048,2400
relation_first,7,0.95,mean_acquisition_cost,6.0,6.0,6.0,0.95,2000,1048,2400
scalar_confidence,1,0.9,source_bit_macro_f1,0.5269192708991529,0.5076474534681034,0.5452268128639802,0.95,2000,1048,2400
scalar_confidence,1,0.9,six_way_macro_f1,0.21433429904104986,0.20226429530373663,0.22660575086907614,0.95,2000,1048,2400
scalar_confidence,1,0.9,empirical_coverage,0.8666666666666667,0.8527934172466578,0.8800508631697854,0.95,2000,1048,2400
scalar_confidence,1,0.9,average_set_size,3.8029166666666665,3.767275835144295,3.83817856362899,0.95,2000,1048,2400
scalar_confidence,1,0.9,mean_acquisition_cost,0.0,0.0,0.0,0.95,2000,1048,2400
scalar_confidence,1,0.95,source_bit_macro_f1,0.5269192708991529,0.5076474534681034,0.5452268128639802,0.95,2000,1048,2400
scalar_confidence,1,0.95,six_way_macro_f1,0.21433429904104986,0.20226429530373663,0.22660575086907614,0.95,2000,1048,2400
scalar_confidence,1,0.95,empirical_coverage,0.9391666666666667,0.9291570175993488,0.9489810836615349,0.95,2000,1048,2400
scalar_confidence,1,0.95,average_set_size,5.317083333333334,5.2984946660312335,5.335797625236197,0.95,2000,1048,2400
scalar_confidence,1,0.95,mean_acquisition_cost,0.0,0.0,0.0,0.95,2000,1048,2400
scalar_confidence,2,0.9,source_bit_macro_f1,0.5269192708991529,0.5076474534681034,0.5452268128639802,0.95,2000,1048,2400
scalar_confidence,2,0.9,six_way_macro_f1,0.21433429904104986,0.20226429530373663,0.22660575086907614,0.95,2000,1048,2400
scalar_confidence,2,0.9,empirical_coverage,0.8666666666666667,0.8527934172466578,0.8800508631697854,0.95,2000,1048,2400
scalar_confidence,2,0.9,average_set_size,3.8029166666666665,3.767275835144295,3.83817856362899,0.95,2000,1048,2400
scalar_confidence,2,0.9,mean_acquisition_cost,0.0,0.0,0.0,0.95,2000,1048,2400
scalar_confidence,2,0.95,source_bit_macro_f1,0.5269192708991529,0.5076474534681034,0.5452268128639802,0.95,2000,1048,2400
scalar_confidence,2,0.95,six_way_macro_f1,0.21433429904104986,0.20226429530373663,0.22660575086907614,0.95,2000,1048,2400
scalar_confidence,2,0.95,empirical_coverage,0.9391666666666667,0.9291570175993488,0.9489810836615349,0.95,2000,1048,2400
scalar_confidence,2,0.95,average_set_size,5.317083333333334,5.2984946660312335,5.335797625236197,0.95,2000,1048,2400
scalar_confidence,2,0.95,mean_acquisition_cost,0.0,0.0,0.0,0.95,2000,1048,2400
scalar_confidence,3,0.9,source_bit_macro_f1,0.5269192708991529,0.5076474534681034,0.5452268128639802,0.95,2000,1048,2400
scalar_confidence,3,0.9,six_way_macro_f1,0.21433429904104986,0.20226429530373663,0.22660575086907614,0.95,2000,1048,2400
scalar_confidence,3,0.9,empirical_coverage,0.8666666666666667,0.8527934172466578,0.8800508631697854,0.95,2000,1048,2400
scalar_confidence,3,0.9,average_set_size,3.8029166666666665,3.767275835144295,3.83817856362899,0.95,2000,1048,2400
scalar_confidence,3,0.9,mean_acquisition_cost,0.0,0.0,0.0,0.95,2000,1048,2400
scalar_confidence,3,0.95,source_bit_macro_f1,0.5269192708991529,0.5076474534681034,0.5452268128639802,0.95,2000,1048,2400
scalar_confidence,3,0.95,six_way_macro_f1,0.21433429904104986,0.20226429530373663,0.22660575086907614,0.95,2000,1048,2400
scalar_confidence,3,0.95,empirical_coverage,0.9391666666666667,0.9291570175993488,0.9489810836615349,0.95,2000,1048,2400
scalar_confidence,3,0.95,average_set_size,5.317083333333334,5.2984946660312335,5.335797625236197,0.95,2000,1048,2400
scalar_confidence,3,0.95,mean_acquisition_cost,0.0,0.0,0.0,0.95,2000,1048,2400
scalar_confidence,4,0.9,source_bit_macro_f1,0.5269192708991529,0.5076474534681034,0.5452268128639802,0.95,2000,1048,2400
scalar_confidence,4,0.9,six_way_macro_f1,0.21433429904104986,0.20226429530373663,0.22660575086907614,0.95,2000,1048,2400
scalar_confidence,4,0.9,empirical_coverage,0.8666666666666667,0.8527934172466578,0.8800508631697854,0.95,2000,1048,2400
scalar_confidence,4,0.9,average_set_size,3.8029166666666665,3.767275835144295,3.83817856362899,0.95,2000,1048,2400
scalar_confidence,4,0.9,mean_acquisition_cost,0.0,0.0,0.0,0.95,2000,1048,2400
scalar_confidence,4,0.95,source_bit_macro_f1,0.5269192708991529,0.5076474534681034,0.5452268128639802,0.95,2000,1048,2400
scalar_confidence,4,0.95,six_way_macro_f1,0.21433429904104986,0.20226429530373663,0.22660575086907614,0.95,2000,1048,2400
scalar_confidence,4,0.95,empirical_coverage,0.9391666666666667,0.9291570175993488,0.9489810836615349,0.95,2000,1048,2400
scalar_confidence,4,0.95,average_set_size,5.317083333333334,5.2984946660312335,5.335797625236197,0.95,2000,1048,2400
scalar_confidence,4,0.95,mean_acquisition_cost,0.0,0.0,0.0,0.95,2000,1048,2400
scalar_confidence,7,0.9,source_bit_macro_f1,0.5269192708991529,0.5076474534681034,0.5452268128639802,0.95,2000,1048,2400
scalar_confidence,7,0.9,six_way_macro_f1,0.21433429904104986,0.20226429530373663,0.22660575086907614,0.95,2000,1048,2400
scalar_confidence,7,0.9,empirical_coverage,0.8666666666666667,0.8527934172466578,0.8800508631697854,0.95,2000,1048,2400
scalar_confidence,7,0.9,average_set_size,3.8029166666666665,3.767275835144295,3.83817856362899,0.95,2000,1048,2400
scalar_confidence,7,0.9,mean_acquisition_cost,0.0,0.0,0.0,0.95,2000,1048,2400
scalar_confidence,7,0.95,source_bit_macro_f1,0.5269192708991529,0.5076474534681034,0.5452268128639802,0.95,2000,1048,2400
scalar_confidence,7,0.95,six_way_macro_f1,0.21433429904104986,0.20226429530373663,0.22660575086907614,0.95,2000,1048,2400
scalar_confidence,7,0.95,empirical_coverage,0.9391666666666667,0.9291570175993488,0.9489810836615349,0.95,2000,1048,2400
scalar_confidence,7,0.95,average_set_size,5.317083333333334,5.2984946660312335,5.335797625236197,0.95,2000,1048,2400
scalar_confidence,7,0.95,mean_acquisition_cost,0.0,0.0,0.0,0.95,2000,1048,2400
uncertainty_greedy,1,0.9,source_bit_macro_f1,0.6772833032432163,0.6609132357004821,0.6933625873663514,0.95,2000,1048,2400
uncertainty_greedy,1,0.9,six_way_macro_f1,0.3868392522341584,0.3699014043554926,0.40330177720569305,0.95,2000,1048,2400
uncertainty_greedy,1,0.9,empirical_coverage,0.9704166666666667,0.9633218912178216,0.9771033663412936,0.95,2000,1048,2400
uncertainty_greedy,1,0.9,average_set_size,3.984166666666667,3.9242225670212476,4.039136362586589,0.95,2000,1048,2400
uncertainty_greedy,1,0.9,mean_acquisition_cost,1.0,1.0,1.0,0.95,2000,1048,2400
uncertainty_greedy,1,0.95,source_bit_macro_f1,0.6772833032432163,0.6609132357004821,0.6933625873663514,0.95,2000,1048,2400
uncertainty_greedy,1,0.95,six_way_macro_f1,0.3868392522341584,0.3699014043554926,0.40330177720569305,0.95,2000,1048,2400
uncertainty_greedy,1,0.95,empirical_coverage,0.995,0.9920030298771867,0.9975166076446518,0.95,2000,1048,2400
uncertainty_greedy,1,0.95,average_set_size,4.3,4.254204085734568,4.342926459891936,0.95,2000,1048,2400
uncertainty_greedy,1,0.95,mean_acquisition_cost,1.0,1.0,1.0,0.95,2000,1048,2400
uncertainty_greedy,2,0.9,source_bit_macro_f1,0.8195937982693037,0.8063558260684758,0.832465637810939,0.95,2000,1048,2400
uncertainty_greedy,2,0.9,six_way_macro_f1,0.5149573367329132,0.49407754155286854,0.5337884108713526,0.95,2000,1048,2400
uncertainty_greedy,2,0.9,empirical_coverage,0.9729166666666667,0.9660798820260242,0.9790637413746309,0.95,2000,1048,2400
uncertainty_greedy,2,0.9,average_set_size,3.71375,3.6512699013609793,3.7735603607058,0.95,2000,1048,2400
uncertainty_greedy,2,0.9,mean_acquisition_cost,1.99375,1.9904006677796326,1.9966556579806924,0.95,2000,1048,2400
uncertainty_greedy,2,0.95,source_bit_macro_f1,0.8195937982693037,0.8063558260684758,0.832465637810939,0.95,2000,1048,2400
uncertainty_greedy,2,0.95,six_way_macro_f1,0.5149573367329132,0.49407754155286854,0.5337884108713526,0.95,2000,1048,2400
uncertainty_greedy,2,0.95,empirical_coverage,0.99875,0.9971049855800043,1.0,0.95,2000,1048,2400
uncertainty_greedy,2,0.95,average_set_size,5.144166666666667,5.095425311203319,5.1867724473787975,0.95,2000,1048,2400
uncertainty_greedy,2,0.95,mean_acquisition_cost,1.99375,1.9904006677796326,1.9966556579806924,0.95,2000,1048,2400
uncertainty_greedy,3,0.9,source_bit_macro_f1,0.9148340381577801,0.9046962843483481,0.9242140213516834,0.95,2000,1048,2400
uncertainty_greedy,3,0.9,six_way_macro_f1,0.6537223092461116,0.635458745838045,0.6699441279899833,0.95,2000,1048,2400
uncertainty_greedy,3,0.9,empirical_coverage,0.98,0.9742830690699936,0.9852345432745869,0.95,2000,1048,2400
uncertainty_greedy,3,0.9,average_set_size,3.497916666666667,3.431972224574477,3.5596271199369425,0.95,2000,1048,2400
uncertainty_greedy,3,0.9,mean_acquisition_cost,2.9570833333333333,2.946664844407065,2.9668606692747055,0.95,2000,1048,2400
uncertainty_greedy,3,0.95,source_bit_macro_f1,0.9148340381577801,0.9046962843483481,0.9242140213516834,0.95,2000,1048,2400
uncertainty_greedy,3,0.95,six_way_macro_f1,0.6537223092461116,0.635458745838045,0.6699441279899833,0.95,2000,1048,2400
uncertainty_greedy,3,0.95,empirical_coverage,0.99875,0.9971073182912813,1.0,0.95,2000,1048,2400
uncertainty_greedy,3,0.95,average_set_size,4.884166666666666,4.824209980249506,4.9439341383114845,0.95,2000,1048,2400
uncertainty_greedy,3,0.95,mean_acquisition_cost,2.9570833333333333,2.946664844407065,2.9668606692747055,0.95,2000,1048,2400
uncertainty_greedy,4,0.9,source_bit_macro_f1,0.9612168462890773,0.9546744614407807,0.9668317706878249,0.95,2000,1048,2400
uncertainty_greedy,4,0.9,six_way_macro_f1,0.7336431721141743,0.7183714572036436,0.7466860509144652,0.95,2000,1048,2400
uncertainty_greedy,4,0.9,empirical_coverage,0.9804166666666667,0.9745974368473046,0.9857502095557418,0.95,2000,1048,2400
uncertainty_greedy,4,0.9,average_set_size,4.082916666666667,4.008704531757632,4.153782228228771,0.95,2000,1048,2400
uncertainty_greedy,4,0.9,mean_acquisition_cost,3.8475,3.8304369130257245,3.8631163831538515,0.95,2000,1048,2400
uncertainty_greedy,4,0.95,source_bit_macro_f1,0.9612168462890773,0.9546744614407807,0.9668317706878249,0.95,2000,1048,2400
uncertainty_greedy,4,0.95,six_way_macro_f1,0.7336431721141743,0.7183714572036436,0.7466860509144652,0.95,2000,1048,2400
uncertainty_greedy,4,0.95,empirical_coverage,0.99875,0.9970710683823581,1.0,0.95,2000,1048,2400
uncertainty_greedy,4,0.95,average_set_size,4.65125,4.585630526834909,4.713679197058419,0.95,2000,1048,2400
uncertainty_greedy,4,0.95,mean_acquisition_cost,3.8475,3.8304369130257245,3.8631163831538515,0.95,2000,1048,2400
uncertainty_greedy,7,0.9,source_bit_macro_f1,0.9760840105313277,0.9709889122606489,0.9805913251791402,0.95,2000,1048,2400
uncertainty_greedy,7,0.9,six_way_macro_f1,0.7550874320922994,0.7420572405187976,0.7664335199438779,0.95,2000,1048,2400
uncertainty_greedy,7,0.9,empirical_coverage,0.9995833333333334,0.9987233498394732,1.0,0.95,2000,1048,2400
uncertainty_greedy,7,0.9,average_set_size,4.644583333333333,4.574118303095937,4.712804012600519,0.95,2000,1048,2400
uncertainty_greedy,7,0.9,mean_acquisition_cost,4.78,4.732858258888369,4.824812995036213,0.95,2000,1048,2400
uncertainty_greedy,7,0.95,source_bit_macro_f1,0.9760840105313277,0.9709889122606489,0.9805913251791402,0.95,2000,1048,2400
uncertainty_greedy,7,0.95,six_way_macro_f1,0.7550874320922994,0.7420572405187976,0.7664335199438779,0.95,2000,1048,2400
uncertainty_greedy,7,0.95,empirical_coverage,0.9995833333333334,0.9987233498394732,1.0,0.95,2000,1048,2400
uncertainty_greedy,7,0.95,average_set_size,4.644583333333333,4.574118303095937,4.712804012600519,0.95,2000,1048,2400
uncertainty_greedy,7,0.95,mean_acquisition_cost,4.78,4.732858258888369,4.824812995036213,0.95,2000,1048,2400
visual_first,1,0.9,source_bit_macro_f1,0.6640874267606941,0.6473607300690004,0.6797369572024845,0.95,2000,1048,2400
visual_first,1,0.9,six_way_macro_f1,0.36660513555726215,0.3462822628647049,0.38463754235012293,0.95,2000,1048,2400
visual_first,1,0.9,empirical_coverage,0.8854166666666666,0.8716652542372881,0.8989185812240577,0.95,2000,1048,2400
visual_first,1,0.9,average_set_size,4.06125,3.991889374123745,4.12316802252816,0.95,2000,1048,2400
visual_first,1,0.9,mean_acquisition_cost,1.0,1.0,1.0,0.95,2000,1048,2400
visual_first,1,0.95,source_bit_macro_f1,0.6640874267606941,0.6473607300690004,0.6797369572024845,0.95,2000,1048,2400
visual_first,1,0.95,six_way_macro_f1,0.36660513555726215,0.3462822628647049,0.38463754235012293,0.95,2000,1048,2400
visual_first,1,0.95,empirical_coverage,0.93,0.9189745104746505,0.9409523045261386,0.95,2000,1048,2400
visual_first,1,0.95,average_set_size,4.274583333333333,4.21853972470793,4.32794781911779,0.95,2000,1048,2400
visual_first,1,0.95,mean_acquisition_cost,1.0,1.0,1.0,0.95,2000,1048,2400
visual_first,2,0.9,source_bit_macro_f1,0.7068087682492666,0.6910802844347027,0.7220752468706985,0.95,2000,1048,2400
visual_first,2,0.9,six_way_macro_f1,0.390696929867499,0.37137489607039037,0.4080041402561916,0.95,2000,1048,2400
visual_first,2,0.9,empirical_coverage,0.9095833333333333,0.8972426989169497,0.9220835995465788,0.95,2000,1048,2400
visual_first,2,0.9,average_set_size,3.892916666666667,3.8120712193328035,3.9644061780532756,0.95,2000,1048,2400
visual_first,2,0.9,mean_acquisition_cost,2.0,2.0,2.0,0.95,2000,1048,2400
visual_first,2,0.95,source_bit_macro_f1,0.7068087682492666,0.6910802844347027,0.7220752468706985,0.95,2000,1048,2400
visual_first,2,0.95,six_way_macro_f1,0.390696929867499,0.37137489607039037,0.4080041402561916,0.95,2000,1048,2400
visual_first,2,0.95,empirical_coverage,0.9766666666666667,0.9701236860595595,0.9831973401914402,0.95,2000,1048,2400
visual_first,2,0.95,average_set_size,5.111666666666666,5.056822812601397,5.164868407616295,0.95,2000,1048,2400
visual_first,2,0.95,mean_acquisition_cost,2.0,2.0,2.0,0.95,2000,1048,2400
visual_first,3,0.9,source_bit_macro_f1,0.7423263568018154,0.7276195723347683,0.7562990783035292,0.95,2000,1048,2400
visual_first,3,0.9,six_way_macro_f1,0.40646178756273393,0.38655349024690205,0.42380667891917545,0.95,2000,1048,2400
visual_first,3,0.9,empirical_coverage,0.92875,0.9181279365489892,0.9391162012984512,0.95,2000,1048,2400
visual_first,3,0.9,average_set_size,3.8441666666666667,3.762770363548677,3.918763311591068,0.95,2000,1048,2400
visual_first,3,0.9,mean_acquisition_cost,3.0,3.0,3.0,0.95,2000,1048,2400
visual_first,3,0.95,source_bit_macro_f1,0.7423263568018154,0.7276195723347683,0.7562990783035292,0.95,2000,1048,2400
visual_first,3,0.95,six_way_macro_f1,0.40646178756273393,0.38655349024690205,0.42380667891917545,0.95,2000,1048,2400
visual_first,3,0.95,empirical_coverage,0.9779166666666667,0.971297239474592,0.9835031130047919,0.95,2000,1048,2400
visual_first,3,0.95,average_set_size,4.931666666666667,4.871118886769319,4.989575727904484,0.95,2000,1048,2400
visual_first,3,0.95,mean_acquisition_cost,3.0,3.0,3.0,0.95,2000,1048,2400
visual_first,4,0.9,source_bit_macro_f1,0.746399106729989,0.7317313636486993,0.7598897702757641,0.95,2000,1048,2400
visual_first,4,0.9,six_way_macro_f1,0.4086107866858784,0.3893156211760782,0.4262531180865759,0.95,2000,1048,2400
visual_first,4,0.9,empirical_coverage,0.9604166666666667,0.9521051386595101,0.9678900064408696,0.95,2000,1048,2400
visual_first,4,0.9,average_set_size,4.373333333333333,4.297167879515438,4.445058959006799,0.95,2000,1048,2400
visual_first,4,0.9,mean_acquisition_cost,4.0,4.0,4.0,0.95,2000,1048,2400
visual_first,4,0.95,source_bit_macro_f1,0.746399106729989,0.7317313636486993,0.7598897702757641,0.95,2000,1048,2400
visual_first,4,0.95,six_way_macro_f1,0.4086107866858784,0.3893156211760782,0.4262531180865759,0.95,2000,1048,2400
visual_first,4,0.95,empirical_coverage,0.9808333333333333,0.9749589142489148,0.986181193625029,0.95,2000,1048,2400
visual_first,4,0.95,average_set_size,4.8625,4.794051750984828,4.927746113533427,0.95,2000,1048,2400
visual_first,4,0.95,mean_acquisition_cost,4.0,4.0,4.0,0.95,2000,1048,2400
visual_first,7,0.9,source_bit_macro_f1,0.9945310972449599,0.9920802884126384,0.9966753989779944,0.95,2000,1048,2400
visual_first,7,0.9,six_way_macro_f1,0.7697286824384438,0.7573132627672257,0.7812631955653211,0.95,2000,1048,2400
visual_first,7,0.9,empirical_coverage,0.99875,0.9971167901457942,1.0,0.95,2000,1048,2400
visual_first,7,0.9,average_set_size,4.515416666666667,4.441157475490196,4.590373477809399,0.95,2000,1048,2400
visual_first,7,0.9,mean_acquisition_cost,6.0,6.0,6.0,0.95,2000,1048,2400
visual_first,7,0.95,source_bit_macro_f1,0.9945310972449599,0.9920802884126384,0.9966753989779944,0.95,2000,1048,2400
visual_first,7,0.95,six_way_macro_f1,0.7697286824384438,0.7573132627672257,0.7812631955653211,0.95,2000,1048,2400
visual_first,7,0.95,empirical_coverage,0.99875,0.9971167901457942,1.0,0.95,2000,1048,2400
visual_first,7,0.95,average_set_size,4.515416666666667,4.441157475490196,4.590373477809399,0.95,2000,1048,2400
visual_first,7,0.95,mean_acquisition_cost,6.0,6.0,6.0,0.95,2000,1048,2400
