model_id,instance_id,clean_latency_ms,acquired_probe_latency_ms,total_generation_latency_ms,normalized_latency,additional_passes
Qwen/Qwen3-VL-8B-Instruct,illusionbench_10081009_0,229.4909954071045,7171.769857406616,7401.260852813721,32.250768008061875,6
google/gemma-4-E4B-it,illusionbench_10201020_0,362.3523712158203,5387.827396392822,5750.179767608643,15.869027566494891,6
google/gemma-4-E4B-it,illusionbench_10055040_3,405.346155166626,10261.724710464478,10667.070865631104,26.315954227433544,6
google/gemma-4-E4B-it,illusionbench_10092036_1,356.9328784942627,18432.14750289917,18789.080381393433,52.64037446103595,6
google/gemma-4-E4B-it,prehal_1001129_4493d8c145000db9_1111,177.30212211608887,6035.901784896851,6213.203907012939,35.04303181969155,6
google/gemma-4-E4B-it,prehal_1823_fb94969b664bca21_874,230.58462142944336,20334.760189056396,20565.34481048584,89.18784211625594,6
Qwen/Qwen3-VL-8B-Instruct,prehal_COCO_val2014_000000353866_a0059be09eb22691_6406,224.1344451904297,5394.872665405273,5619.007110595703,25.069806230906043,6
google/gemma-4-E4B-it,illusionbench_10078038_1,329.67448234558105,5773.634672164917,6103.309154510498,18.513137902231414,6
Qwen/Qwen3-VL-8B-Instruct,illusionbench_10023005_3,290.496826171875,5726.702690124512,6017.199516296387,20.71347764996323,6
Qwen/Qwen3-VL-8B-Instruct,illusionbench_10050009_1,599.1404056549072,6962.317228317261,7561.457633972168,12.620510255366444,5
Qwen/Qwen3-VL-8B-Instruct,prehal_fa2e05363e852401_e97e3a6541f70463_9236,833.0461978912354,7539.600133895874,8372.64633178711,10.050638671638549,6
Qwen/Qwen3-VL-8B-Instruct,illusionbench_10116025_0,247.74765968322754,6570.792675018311,6818.540334701538,27.522118043091858,6
Qwen/Qwen3-VL-8B-Instruct,prehal_7408fef212a5d3bc_17ed9e6caf765b9f_7352,590.7557010650635,7418.4887409210205,8009.244441986084,13.557625305259606,6
google/gemma-4-E4B-it,illusionbench_10063021_1,398.6842632293701,9738.16990852356,10136.85417175293,25.42576947894484,6
Qwen/Qwen3-VL-8B-Instruct,prehal_1160_4aad382d4d8a4a11_590,198.75049591064453,4678.863048553467,4877.613544464111,24.541390561646793,6
Qwen/Qwen3-VL-8B-Instruct,illusionbench_10024017_1,223.89769554138184,4046.6344356536865,4270.532131195068,19.07358680431692,6
Qwen/Qwen3-VL-8B-Instruct,prehal_f0a1518a5c6c9c74_aabab7555765c4b9_9125,526.9570350646973,6441.320896148682,6968.277931213379,13.223616855893853,5
Qwen/Qwen3-VL-8B-Instruct,illusionbench_10050027_3,259.2439651489258,12936.00606918335,13195.250034332275,50.89896702803518,6
Qwen/Qwen3-VL-8B-Instruct,prehal_COCO_val2014_000000161112_d31a89ba06178942_6181,372.33519554138184,3952.511787414551,4324.846982955933,11.615466479518624,6
google/gemma-4-E4B-it,illusionbench_10082016_1,321.8700885772705,6012.3450756073,6334.21516418457,19.67941535724259,6
Qwen/Qwen3-VL-8B-Instruct,prehal_1133_1d1b10dc687391b3_159,296.5834140777588,6174.948930740356,6471.532344818115,21.820277323806774,6
google/gemma-4-E4B-it,prehal_1000202_ad4f33e89abc502c_1228,175.6570339202881,8630.961894989014,8806.618928909302,50.13530476044405,6
Qwen/Qwen3-VL-8B-Instruct,illusionbench_10046016_2,581.4495086669922,10196.321725845337,10777.77123451233,18.536039800293263,5
Qwen/Qwen3-VL-8B-Instruct,illusionbench_10050038_0,12959.550380706787,67524.80483055115,80484.35521125793,6.210428050889562,5
Qwen/Qwen3-VL-8B-Instruct,prehal_1001664_fd9f14d44d478a65_1762,291.4233207702637,15237.603664398193,15529.026985168457,53.2868369769569,6
Qwen/Qwen3-VL-8B-Instruct,illusionbench_10011033_1,347.40352630615234,6004.726409912109,6352.129936218262,18.28458681395304,6
google/gemma-4-E4B-it,prehal_COCO_val2014_000000379108_d6c3d6feb3ff6912_9693,323.8692283630371,5864.28689956665,6188.1561279296875,19.106959185987105,6
Qwen/Qwen3-VL-8B-Instruct,illusionbench_10243021_1,275.73347091674805,5351.646661758423,5627.380132675171,20.408766893498544,6
google/gemma-4-E4B-it,illusionbench_10082022_0,322.53313064575195,5598.686933517456,5921.220064163208,18.358486312113673,5
Qwen/Qwen3-VL-8B-Instruct,illusionbench_10032022_0,337.3584747314453,5126.385450363159,5463.7439250946045,16.195662283107087,5
Qwen/Qwen3-VL-8B-Instruct,illusionbench_10050023_4,249.45998191833496,6982.995510101318,7232.455492019653,28.992447752150174,6
Qwen/Qwen3-VL-8B-Instruct,illusionbench_10044024_0,471.7588424682617,6952.884197235107,7424.643039703369,15.738217011168949,6
google/gemma-4-E4B-it,illusionbench_10039037_0,338.8996124267578,6889.488697052002,7228.38830947876,21.32899550317704,6
google/gemma-4-E4B-it,prehal_COCO_val2014_000000419974_4a30d4af0473ac29_6020,326.40957832336426,5707.072496414185,6033.482074737549,18.48439039604517,6
google/gemma-4-E4B-it,illusionbench_10011014_9,366.75477027893066,8878.810405731201,9245.565176010132,25.209120440283666,6
google/gemma-4-E4B-it,illusionbench_10107036_2,286.4961624145508,8370.0590133667,8656.55517578125,30.215256996201894,6
Qwen/Qwen3-VL-8B-Instruct,illusionbench_10111037_2,323.6665725708008,5674.458980560303,5998.1255531311035,18.531804212864884,5
google/gemma-4-E4B-it,illusionbench_10081005_3,196.5010166168213,24968.682289123535,25165.183305740356,128.06642804710108,6
Qwen/Qwen3-VL-8B-Instruct,prehal_474d01057a719339_f1568b1496638194_6839,657.0885181427002,7510.573625564575,8167.662143707275,12.4300789287776,6
Qwen/Qwen3-VL-8B-Instruct,illusionbench_10039016_1,287.4011993408203,6887.275218963623,7174.676418304443,24.963975219171626,6
Qwen/Qwen3-VL-8B-Instruct,prehal_COCO_val2014_000000010205_d3c80691d53f2b58_5616,273.52213859558105,3465.2695655822754,3738.7917041778564,13.669064315506413,3
Qwen/Qwen3-VL-8B-Instruct,prehal_855dffdd4d2bb84e_fe2a62ecfea5a393_7577,661.3576412200928,8047.662973403931,8709.020614624023,13.168397961740272,6
google/gemma-4-E4B-it,illusionbench_10044019_1,348.70004653930664,8767.166137695312,9115.86618423462,26.14242892911988,6
google/gemma-4-E4B-it,illusionbench_10201011_1,360.7330322265625,9363.44051361084,9724.173545837402,26.956703925383867,6
Qwen/Qwen3-VL-8B-Instruct,illusionbench_10063008_3,555.31907081604,8732.917070388794,9288.236141204834,16.725944829439754,6
google/gemma-4-E4B-it,illusionbench_10123013_4,300.31275749206543,21659.566640853882,21959.879398345947,73.12336506026105,6
Qwen/Qwen3-VL-8B-Instruct,prehal_COCO_val2014_000000369470_9cab0cc343367d78_3987,243.38865280151367,4126.447677612305,4369.836330413818,17.954149793406646,6
google/gemma-4-E4B-it,prehal_2000095_e60571f43fe3d942_2056,306.7433834075928,21999.969005584717,22306.71238899231,72.7210873831685,6
google/gemma-4-E4B-it,prehal_COCO_val2014_000000435208_24d0db5b42812439_4713,349.75552558898926,6011.106252670288,6360.861778259277,18.186594100400754,6
Qwen/Qwen3-VL-8B-Instruct,prehal_2000657_fadea6ba7dd2e1bb_2220,289.7603511810303,7521.709203720093,7811.469554901123,26.95837965084754,4
google/gemma-4-E4B-it,prehal_255_2ee2370358040510_3801,348.36602210998535,5325.817108154297,5674.183130264282,16.287992427897695,6
google/gemma-4-E4B-it,prehal_434a52f2db875a77_9ec36dab20a9483d_6783,325.66213607788086,8202.251434326172,8527.913570404053,26.186383449762285,6
google/gemma-4-E4B-it,prehal_1000344_4ae70e917e0a50f4_961,172.37162590026855,4730.2398681640625,4902.611494064331,28.44210274433974,4
google/gemma-4-E4B-it,illusionbench_10039026_0,185.71090698242188,6059.3414306640625,6245.052337646484,33.62781669165828,6
Qwen/Qwen3-VL-8B-Instruct,prehal_98241d446930f23f_ad104be0283a9bf7_7897,475.93116760253906,5781.945705413818,6257.876873016357,13.148701532912535,6
google/gemma-4-E4B-it,prehal_1113_b9ec315cec52576b_143,355.90457916259766,6142.218351364136,6498.122930526733,18.258048114514473,5
google/gemma-4-E4B-it,prehal_COCO_val2014_000000342593_dcd19a3f5c849ec9_3921,327.1913528442383,5199.806928634644,5526.998281478882,16.89225046271332,5
Qwen/Qwen3-VL-8B-Instruct,illusionbench_10045016_3,307.6057434082031,6386.070251464844,6693.675994873047,21.760568969579722,6
google/gemma-4-E4B-it,illusionbench_10029038_0,405.5287837982178,8009.500026702881,8415.028810501099,20.750755918446057,6
Qwen/Qwen3-VL-8B-Instruct,prehal_2000016_b04713093e57b2ad_2016,158.583402633667,8543.098211288452,8701.68161392212,54.87132618804565,5
Qwen/Qwen3-VL-8B-Instruct,illusionbench_10123021_0,249.03535842895508,4508.400201797485,4757.43556022644,19.1034541851359,6
Qwen/Qwen3-VL-8B-Instruct,illusionbench_10092002_3,769.8526382446289,7101.350784301758,7871.203422546387,10.224298822296467,6
google/gemma-4-E4B-it,illusionbench_10063010_9,362.46657371520996,9872.03311920166,10234.49969291687,28.235706228067578,6
Qwen/Qwen3-VL-8B-Instruct,prehal_COCO_val2014_000000253757_5fd4d4531719ee4c_5035,344.6369171142578,5439.1303062438965,5783.767223358154,16.78220450608504,6
Qwen/Qwen3-VL-8B-Instruct,prehal_f19ecb261dd1a702_48bb5f7edb1b01fb_9136,809.483528137207,8323.769330978394,9133.2528591156,11.282814957499072,6
google/gemma-4-E4B-it,prehal_196_aa219efe1071a3b0_3742,196.86603546142578,6647.095441818237,6843.961477279663,34.76456190748393,6
Qwen/Qwen3-VL-8B-Instruct,illusionbench_10024031_1,709.3040943145752,6821.786880493164,7531.090974807739,10.617577193157597,6
Qwen/Qwen3-VL-8B-Instruct,prehal_1458_fb4b22d329ce26a3_722,202.26097106933594,7641.207456588745,7843.468427658081,38.77895169883915,6
Qwen/Qwen3-VL-8B-Instruct,illusionbench_10118022_2,152.98843383789062,3292.33717918396,3445.3256130218506,22.520170489963846,3
Qwen/Qwen3-VL-8B-Instruct,illusionbench_10082022_3,306.0581684112549,7169.290781021118,7475.348949432373,24.42460199065047,6
google/gemma-4-E4B-it,prehal_1000782_bdcf91658def7ba5_1407,174.7729778289795,7249.695539474487,7424.468517303467,42.48064322946153,6
Qwen/Qwen3-VL-8B-Instruct,illusionbench_10029022_4,2195.347785949707,19364.624977111816,21559.972763061523,9.820755007951819,6
Qwen/Qwen3-VL-8B-Instruct,illusionbench_10081040_4,216.51768684387207,5625.868320465088,5842.38600730896,26.98341226747829,6
Qwen/Qwen3-VL-8B-Instruct,prehal_dcdd424743321b4d_75cd0ec86b4ba31c_8863,803.8687705993652,7676.299095153809,8480.167865753174,10.549194316169732,6
Qwen/Qwen3-VL-8B-Instruct,illusionbench_10032004_3,785.6519222259521,10791.46933555603,11577.121257781982,14.735687561205282,5
Qwen/Qwen3-VL-8B-Instruct,prehal_1824_918dd27450447403_875,250.6403923034668,4882.183074951172,5132.823467254639,20.478835913406932,6
google/gemma-4-E4B-it,prehal_2000803_3b9ae084aa41a86f_2297,352.0948886871338,8494.545698165894,8846.640586853027,25.125728521194237,4
Qwen/Qwen3-VL-8B-Instruct,illusionbench_10065026_4,287.8577709197998,9993.979930877686,10281.837701797485,35.718464952131214,6
Qwen/Qwen3-VL-8B-Instruct,illusionbench_10032014_0,296.68688774108887,6295.841455459595,6592.528343200684,22.22049108201174,5
google/gemma-4-E4B-it,illusionbench_10049013_2,271.5911865234375,6891.916751861572,7163.50793838501,26.376069231417496,6
google/gemma-4-E4B-it,illusionbench_10107012_3,345.51453590393066,8564.997911453247,8910.512447357178,25.789110215133526,6
Qwen/Qwen3-VL-8B-Instruct,illusionbench_10024002_1,222.43189811706543,6625.036716461182,6847.468614578247,30.78456225273247,6
google/gemma-4-E4B-it,prehal_COCO_val2014_000000424842_3a5bc46a152285bb_6117,351.3617515563965,6641.066312789917,6992.4280643463135,19.90093694994565,6
Qwen/Qwen3-VL-8B-Instruct,prehal_c2b9ea7fa6acb336_27f5501838b80157_8484,551.9990921020508,7946.934700012207,8498.933792114258,15.39664451213086,6
google/gemma-4-E4B-it,illusionbench_10081013_4,403.08618545532227,18807.403564453125,19210.489749908447,47.65851682118171,6
Qwen/Qwen3-VL-8B-Instruct,prehal_COCO_val2014_000000291394_5bf87fd2092ef3c6_9490,269.4694995880127,4616.727352142334,4886.196851730347,18.13265270912207,6
Qwen/Qwen3-VL-8B-Instruct,illusionbench_10201032_3,161.4089012145996,3378.7808418273926,3540.189743041992,21.9330515008907,6
Qwen/Qwen3-VL-8B-Instruct,illusionbench_10032003_0,771.0254192352295,8406.461000442505,9177.486419677734,11.902962199068313,5
Qwen/Qwen3-VL-8B-Instruct,illusionbench_10049012_4,202.84175872802734,5170.912981033325,5373.7547397613525,26.492349373516067,3
Qwen/Qwen3-VL-8B-Instruct,prehal_3000711_ec61362e2f5794e9_3014,263.5626792907715,6700.676202774048,6964.238882064819,26.42346367401141,6
Qwen/Qwen3-VL-8B-Instruct,illusionbench_10055003_0,359.1015338897705,7071.865558624268,7430.967092514038,20.69322013755319,6
Qwen/Qwen3-VL-8B-Instruct,illusionbench_10045026_0,402.9679298400879,7331.547260284424,7734.515190124512,19.193872805694102,6
google/gemma-4-E4B-it,prehal_43d4dc03abe1d2de_600443ff17f4295f_6794,315.5865669250488,3775.428056716919,4091.014623641968,12.963208996831527,5
Qwen/Qwen3-VL-8B-Instruct,illusionbench_10078027_4,1308.692455291748,11489.182472229004,12797.874927520752,9.779130975938658,6
google/gemma-4-E4B-it,illusionbench_10063029_0,399.05452728271484,6589.345455169678,6988.399982452393,17.512393682233252,6
Qwen/Qwen3-VL-8B-Instruct,illusionbench_10107033_2,498.4443187713623,8533.812761306763,9032.257080078125,18.12089483202886,5
Qwen/Qwen3-VL-8B-Instruct,illusionbench_10107039_0,2772.5296020507812,20392.00758934021,23164.53719139099,8.355018887537458,6
Qwen/Qwen3-VL-8B-Instruct,prehal_ab40e0b2d821b440_c55324a22ea8f800_8186,649.2083072662354,6975.056886672974,7624.265193939209,11.743942750893599,6
Qwen/Qwen3-VL-8B-Instruct,illusionbench_10123008_8,159.78503227233887,3755.59663772583,3915.381669998169,24.504057822667406,4
google/gemma-4-E4B-it,prehal_COCO_val2014_000000108425_260d5a4b8ae3a9fd_5545,337.9957675933838,6283.549547195435,6621.545314788818,19.59061606580435,6
