left,right,maximum_budget,target_coverage,metric,estimate,ci_lower,ci_upper,confidence,resamples,group_count,row_count,p_value_two_sided,primary_comparison,multiplicity_correction,p_value_holm,reject_familywise
proactive,random,1,0.9,source_bit_macro_f1,0.04579246389347669,0.03232801853750875,0.05917527044900693,0.95,2000,1048,2400,0.0009995002498750624,False,none,,
proactive,random,1,0.9,empirical_coverage,0.02041666666666664,0.008524786417804861,0.03252710592160135,0.95,2000,1048,2400,0.0009995002498750624,False,none,,
proactive,random,1,0.9,average_set_size,-0.38000000000000034,-0.43610331604658026,-0.32224803665826657,0.95,2000,1048,2400,0.0009995002498750624,False,none,,
proactive,random,1,0.9,mean_acquisition_cost,0.0,0.0,0.0,0.95,2000,1048,2400,1.0,False,none,,
proactive,clean_only_learned,1,0.9,source_bit_macro_f1,0.10011913626604318,0.08471603588836839,0.11564984084238275,0.95,2000,1048,2400,0.0009995002498750624,False,none,,
proactive,clean_only_learned,1,0.9,empirical_coverage,0.043333333333333335,0.028701566591010082,0.057709386716974294,0.95,2000,1048,2400,0.0009995002498750624,False,none,,
proactive,clean_only_learned,1,0.9,average_set_size,-0.81,-0.860135943547632,-0.759054929095889,0.95,2000,1048,2400,0.0009995002498750624,False,none,,
proactive,clean_only_learned,1,0.9,mean_acquisition_cost,1.0,1.0,1.0,0.95,2000,1048,2400,0.0009995002498750624,False,none,,
proactive,scalar_confidence,1,0.9,source_bit_macro_f1,0.13893282869688095,0.12397831281303391,0.1539557862843841,0.95,2000,1048,2400,0.0009995002498750624,False,none,,
proactive,scalar_confidence,1,0.9,empirical_coverage,0.07999999999999996,0.0644755204446305,0.09574621185610299,0.95,2000,1048,2400,0.0009995002498750624,False,none,,
proactive,scalar_confidence,1,0.9,average_set_size,0.14375000000000027,0.09184594445741134,0.19792663082424763,0.95,2000,1048,2400,0.0009995002498750624,False,none,,
proactive,scalar_confidence,1,0.9,mean_acquisition_cost,1.0,1.0,1.0,0.95,2000,1048,2400,0.0009995002498750624,False,none,,
proactive,random,1,0.95,source_bit_macro_f1,0.04579246389347669,0.03232801853750875,0.05917527044900693,0.95,2000,1048,2400,0.0009995002498750624,False,none,,
proactive,random,1,0.95,empirical_coverage,0.030833333333333268,0.022050153789071894,0.04002070147394488,0.95,2000,1048,2400,0.0009995002498750624,False,none,,
proactive,random,1,0.95,average_set_size,-0.2162500000000005,-0.25461917490811925,-0.17568053908787298,0.95,2000,1048,2400,0.0009995002498750624,False,none,,
proactive,random,1,0.95,mean_acquisition_cost,0.0,0.0,0.0,0.95,2000,1048,2400,1.0,False,none,,
proactive,clean_only_learned,1,0.95,source_bit_macro_f1,0.10011913626604318,0.08471603588836839,0.11564984084238275,0.95,2000,1048,2400,0.0009995002498750624,False,none,,
proactive,clean_only_learned,1,0.95,empirical_coverage,0.07333333333333336,0.060850340925317714,0.08592471358428799,0.95,2000,1048,2400,0.0009995002498750624,False,none,,
proactive,clean_only_learned,1,0.95,average_set_size,-0.5108333333333341,-0.5471091960425272,-0.4750820375960555,0.95,2000,1048,2400,0.0009995002498750624,False,none,,
proactive,clean_only_learned,1,0.95,mean_acquisition_cost,1.0,1.0,1.0,0.95,2000,1048,2400,0.0009995002498750624,False,none,,
proactive,scalar_confidence,1,0.95,source_bit_macro_f1,0.13893282869688095,0.12397831281303391,0.1539557862843841,0.95,2000,1048,2400,0.0009995002498750624,False,none,,
proactive,scalar_confidence,1,0.95,empirical_coverage,0.03874999999999995,0.02756409033078875,0.05000100887812745,0.95,2000,1048,2400,0.0009995002498750624,False,none,,
proactive,scalar_confidence,1,0.95,average_set_size,-1.0412500000000007,-1.0908430666526494,-0.9938172778690024,0.95,2000,1048,2400,0.0009995002498750624,False,none,,
proactive,scalar_confidence,1,0.95,mean_acquisition_cost,1.0,1.0,1.0,0.95,2000,1048,2400,0.0009995002498750624,False,none,,
proactive,random,2,0.9,source_bit_macro_f1,0.11889981165024344,0.10212512883705567,0.13667554927000175,0.95,2000,1048,2400,0.0009995002498750624,False,none,,
proactive,random,2,0.9,empirical_coverage,0.025416666666666643,0.015266782250807014,0.03646499714722435,0.95,2000,1048,2400,0.0009995002498750624,False,none,,
proactive,random,2,0.9,average_set_size,-0.3804166666666666,-0.44054551036391965,-0.32088412778265996,0.95,2000,1048,2400,0.0009995002498750624,False,none,,
proactive,random,2,0.9,mean_acquisition_cost,-0.009166666666666767,-0.01311392282543236,-0.005407653910149746,0.95,2000,1048,2400,0.0009995002498750624,False,none,,
proactive,clean_only_learned,2,0.9,source_bit_macro_f1,0.25336916326557357,0.23744247438460883,0.2696913154058475,0.95,2000,1048,2400,0.0009995002498750624,False,none,,
proactive,clean_only_learned,2,0.9,empirical_coverage,0.06333333333333335,0.04827648363550354,0.07760737567389149,0.95,2000,1048,2400,0.0009995002498750624,False,none,,
proactive,clean_only_learned,2,0.9,average_set_size,-1.0833333333333335,-1.1396257113616546,-1.0291417752261356,0.95,2000,1048,2400,0.0009995002498750624,False,none,,
proactive,clean_only_learned,2,0.9,mean_acquisition_cost,1.9908333333333332,1.9868860771745676,1.9945923460898503,0.95,2000,1048,2400,0.0009995002498750624,False,none,,
proactive,scalar_confidence,2,0.9,source_bit_macro_f1,0.29218285569641134,0.27521802120161937,0.3090253482137076,0.95,2000,1048,2400,0.0009995002498750624,False,none,,
proactive,scalar_confidence,2,0.9,empirical_coverage,0.09999999999999998,0.08434542972194772,0.11567632239967676,0.95,2000,1048,2400,0.0009995002498750624,False,none,,
proactive,scalar_confidence,2,0.9,average_set_size,-0.12958333333333316,-0.18874158197499327,-0.07154459998578142,0.95,2000,1048,2400,0.0009995002498750624,False,none,,
proactive,scalar_confidence,2,0.9,mean_acquisition_cost,1.9908333333333332,1.9868860771745676,1.9945923460898503,0.95,2000,1048,2400,0.0009995002498750624,False,none,,
proactive,random,2,0.95,source_bit_macro_f1,0.11889981165024344,0.10212512883705567,0.13667554927000175,0.95,2000,1048,2400,0.0009995002498750624,False,none,,
proactive,random,2,0.95,empirical_coverage,0.012083333333333335,0.007053503957022315,0.017300614619155573,0.95,2000,1048,2400,0.0009995002498750624,False,none,,
proactive,random,2,0.95,average_set_size,-0.11916666666666664,-0.17536369994014733,-0.06447971539629882,0.95,2000,1048,2400,0.0009995002498750624,False,none,,
proactive,random,2,0.95,mean_acquisition_cost,-0.009166666666666767,-0.01311392282543236,-0.005407653910149746,0.95,2000,1048,2400,0.0009995002498750624,False,none,,
proactive,clean_only_learned,2,0.95,source_bit_macro_f1,0.25336916326557357,0.23744247438460883,0.2696913154058475,0.95,2000,1048,2400,0.0009995002498750624,False,none,,
proactive,clean_only_learned,2,0.95,empirical_coverage,0.09333333333333338,0.08111367867363115,0.10530898412501807,0.95,2000,1048,2400,0.0009995002498750624,False,none,,
proactive,clean_only_learned,2,0.95,average_set_size,0.3012499999999996,0.24998966942148762,0.35132439463855825,0.95,2000,1048,2400,0.0009995002498750624,False,none,,
proactive,clean_only_learned,2,0.95,mean_acquisition_cost,1.9908333333333332,1.9868860771745676,1.9945923460898503,0.95,2000,1048,2400,0.0009995002498750624,False,none,,
proactive,scalar_confidence,2,0.95,source_bit_macro_f1,0.29218285569641134,0.27521802120161937,0.3090253482137076,0.95,2000,1048,2400,0.0009995002498750624,False,none,,
proactive,scalar_confidence,2,0.95,empirical_coverage,0.05874999999999997,0.04900004371393597,0.06885401811863416,0.95,2000,1048,2400,0.0009995002498750624,False,none,,
proactive,scalar_confidence,2,0.95,average_set_size,-0.22916666666666696,-0.2857142857142856,-0.17774517319796215,0.95,2000,1048,2400,0.0009995002498750624,False,none,,
proactive,scalar_confidence,2,0.95,mean_acquisition_cost,1.9908333333333332,1.9868860771745676,1.9945923460898503,0.95,2000,1048,2400,0.0009995002498750624,False,none,,
proactive,random,3,0.9,source_bit_macro_f1,0.14734598742560423,0.13156354917265695,0.16360570595365673,0.95,2000,1048,2400,0.0009995002498750624,False,none,,
proactive,random,3,0.9,empirical_coverage,0.008750000000000036,-0.00041601681686189985,0.01722725297015352,0.95,2000,1048,2400,0.07096451774112944,False,none,,
proactive,random,3,0.9,average_set_size,-0.44999999999999973,-0.505625135566817,-0.3922048042837544,0.95,2000,1048,2400,0.0009995002498750624,False,none,,
proactive,random,3,0.9,mean_acquisition_cost,-0.013333333333333197,-0.01921591037896264,-0.007831660647760376,0.95,2000,1048,2400,0.0009995002498750624,False,none,,
proactive,clean_only_learned,3,0.9,source_bit_macro_f1,0.3527050360426778,0.33459253893597296,0.3708291818517067,0.95,2000,1048,2400,0.0009995002498750624,False,none,,
proactive,clean_only_learned,3,0.9,empirical_coverage,0.06958333333333333,0.05513360862380062,0.08361207526488862,0.95,2000,1048,2400,0.0009995002498750624,False,none,,
proactive,clean_only_learned,3,0.9,average_set_size,-1.3291666666666666,-1.3914510178321788,-1.270310569635046,0.95,2000,1048,2400,0.0009995002498750624,False,none,,
proactive,clean_only_learned,3,0.9,mean_acquisition_cost,2.986666666666667,2.9807840896210376,2.9921683393522396,0.95,2000,1048,2400,0.0009995002498750624,False,none,,
proactive,scalar_confidence,3,0.9,source_bit_macro_f1,0.39151872847351554,0.37202840427024847,0.41130495714926085,0.95,2000,1048,2400,0.0009995002498750624,False,none,,
proactive,scalar_confidence,3,0.9,empirical_coverage,0.10624999999999996,0.09053057434351434,0.12185955864464229,0.95,2000,1048,2400,0.0009995002498750624,False,none,,
proactive,scalar_confidence,3,0.9,average_set_size,-0.3754166666666663,-0.44090528080469404,-0.3145496600035258,0.95,2000,1048,2400,0.0009995002498750624,False,none,,
proactive,scalar_confidence,3,0.9,mean_acquisition_cost,2.986666666666667,2.9807840896210376,2.9921683393522396,0.95,2000,1048,2400,0.0009995002498750624,False,none,,
proactive,random,3,0.95,source_bit_macro_f1,0.14734598742560423,0.13156354917265695,0.16360570595365673,0.95,2000,1048,2400,0.0009995002498750624,False,none,,
proactive,random,3,0.95,empirical_coverage,0.00708333333333333,0.0029069164334652176,0.011676884733379267,0.95,2000,1048,2400,0.0029985007496251873,False,none,,
proactive,random,3,0.95,average_set_size,-0.15249999999999986,-0.21946050776472606,-0.08015654684398169,0.95,2000,1048,2400,0.0009995002498750624,False,none,,
proactive,random,3,0.95,mean_acquisition_cost,-0.013333333333333197,-0.01921591037896264,-0.007831660647760376,0.95,2000,1048,2400,0.0009995002498750624,False,none,,
proactive,clean_only_learned,3,0.95,source_bit_macro_f1,0.3527050360426778,0.33459253893597296,0.3708291818517067,0.95,2000,1048,2400,0.0009995002498750624,False,none,,
proactive,clean_only_learned,3,0.95,empirical_coverage,0.09333333333333338,0.08089635377092114,0.10541716433278422,0.95,2000,1048,2400,0.0009995002498750624,False,none,,
proactive,clean_only_learned,3,0.95,average_set_size,0.05041666666666611,-0.008428383976213318,0.1131814439861444,0.95,2000,1048,2400,0.11494252873563218,False,none,,
proactive,clean_only_learned,3,0.95,mean_acquisition_cost,2.986666666666667,2.9807840896210376,2.9921683393522396,0.95,2000,1048,2400,0.0009995002498750624,False,none,,
proactive,scalar_confidence,3,0.95,source_bit_macro_f1,0.39151872847351554,0.37202840427024847,0.41130495714926085,0.95,2000,1048,2400,0.0009995002498750624,False,none,,
proactive,scalar_confidence,3,0.95,empirical_coverage,0.05874999999999997,0.0489033197299061,0.06889471877860054,0.95,2000,1048,2400,0.0009995002498750624,False,none,,
proactive,scalar_confidence,3,0.95,average_set_size,-0.4800000000000004,-0.5439839850719792,-0.4138225078361886,0.95,2000,1048,2400,0.0009995002498750624,False,none,,
proactive,scalar_confidence,3,0.95,mean_acquisition_cost,2.986666666666667,2.9807840896210376,2.9921683393522396,0.95,2000,1048,2400,0.0009995002498750624,False,none,,
proactive,random,4,0.9,source_bit_macro_f1,0.11779054291536228,0.10490483734730012,0.13123220928565993,0.95,2000,1048,2400,0.0009995002498750624,False,none,,
proactive,random,4,0.9,empirical_coverage,0.0012499999999999734,-0.004621945918821785,0.007131022165683281,0.95,2000,1048,2400,0.735632183908046,False,none,,
proactive,random,4,0.9,average_set_size,-0.17041666666666622,-0.24765472007578715,-0.09469798120059816,0.95,2000,1048,2400,0.0009995002498750624,False,none,,
proactive,random,4,0.9,mean_acquisition_cost,-0.029583333333333517,-0.037514966624342144,-0.021882413992377028,0.95,2000,1048,2400,0.0009995002498750624,False,none,,
proactive,clean_only_learned,4,0.9,source_bit_macro_f1,0.39680237620217396,0.37875220546726607,0.4148211701512886,0.95,2000,1048,2400,0.0009995002498750624,False,none,,
proactive,clean_only_learned,4,0.9,empirical_coverage,0.07750000000000001,0.06386531824749933,0.09120641028099602,0.95,2000,1048,2400,0.0009995002498750624,False,none,,
proactive,clean_only_learned,4,0.9,average_set_size,-0.6545833333333331,-0.7287163856443699,-0.5808230605199027,0.95,2000,1048,2400,0.0009995002498750624,False,none,,
proactive,clean_only_learned,4,0.9,mean_acquisition_cost,3.9704166666666665,3.962485033375658,3.978117586007623,0.95,2000,1048,2400,0.0009995002498750624,False,none,,
proactive,scalar_confidence,4,0.9,source_bit_macro_f1,0.4356160686330117,0.41634151185906476,0.4549668278106372,0.95,2000,1048,2400,0.0009995002498750624,False,none,,
proactive,scalar_confidence,4,0.9,empirical_coverage,0.11416666666666664,0.099403647892661,0.1288597402993898,0.95,2000,1048,2400,0.0009995002498750624,False,none,,
proactive,scalar_confidence,4,0.9,average_set_size,0.29916666666666725,0.222749532503569,0.37615205828025694,0.95,2000,1048,2400,0.0009995002498750624,False,none,,
proactive,scalar_confidence,4,0.9,mean_acquisition_cost,3.9704166666666665,3.962485033375658,3.978117586007623,0.95,2000,1048,2400,0.0009995002498750624,False,none,,
proactive,random,4,0.95,source_bit_macro_f1,0.11779054291536228,0.10490483734730012,0.13123220928565993,0.95,2000,1048,2400,0.0009995002498750624,False,none,,
proactive,random,4,0.95,empirical_coverage,0.0050000000000000044,0.0012531066815619745,0.00885328836424959,0.95,2000,1048,2400,0.01199400299850075,False,none,,
proactive,random,4,0.95,average_set_size,-0.211666666666666,-0.2887565016778526,-0.13212065273750329,0.95,2000,1048,2400,0.0009995002498750624,False,none,,
proactive,random,4,0.95,mean_acquisition_cost,-0.029583333333333517,-0.037514966624342144,-0.021882413992377028,0.95,2000,1048,2400,0.0009995002498750624,False,none,,
proactive,clean_only_learned,4,0.95,source_bit_macro_f1,0.39680237620217396,0.37875220546726607,0.4148211701512886,0.95,2000,1048,2400,0.0009995002498750624,False,none,,
proactive,clean_only_learned,4,0.95,empirical_coverage,0.09375,0.08174020227338154,0.1056981258233203,0.95,2000,1048,2400,0.0009995002498750624,False,none,,
proactive,clean_only_learned,4,0.95,average_set_size,-0.15916666666666668,-0.22440875599701302,-0.0933827884387584,0.95,2000,1048,2400,0.0009995002498750624,False,none,,
proactive,clean_only_learned,4,0.95,mean_acquisition_cost,3.9704166666666665,3.962485033375658,3.978117586007623,0.95,2000,1048,2400,0.0009995002498750624,False,none,,
proactive,scalar_confidence,4,0.95,source_bit_macro_f1,0.4356160686330117,0.41634151185906476,0.4549668278106372,0.95,2000,1048,2400,0.0009995002498750624,False,none,,
proactive,scalar_confidence,4,0.95,empirical_coverage,0.05916666666666659,0.049254811413061546,0.06942176751737218,0.95,2000,1048,2400,0.0009995002498750624,False,none,,
proactive,scalar_confidence,4,0.95,average_set_size,-0.6895833333333332,-0.7547364982504029,-0.6253057012031628,0.95,2000,1048,2400,0.0009995002498750624,False,none,,
proactive,scalar_confidence,4,0.95,mean_acquisition_cost,3.9704166666666665,3.962485033375658,3.978117586007623,0.95,2000,1048,2400,0.0009995002498750624,False,none,,
proactive,random,7,0.9,source_bit_macro_f1,-0.00628711004229876,-0.00869774501183036,-0.004065128992387556,0.95,2000,1048,2400,0.0009995002498750624,True,holm,0.0029985007496251873,True
proactive,random,7,0.9,empirical_coverage,0.0,-0.001252139156118609,0.0012448391254600787,0.95,2000,1048,2400,1.0,False,none,,
proactive,random,7,0.9,average_set_size,0.027916666666666146,-0.028664011412994125,0.08119595782503129,0.95,2000,1048,2400,0.3278360819590205,False,none,,
proactive,random,7,0.9,mean_acquisition_cost,-0.4225000000000003,-0.45325611077384886,-0.3923524522028261,0.95,2000,1048,2400,0.0009995002498750624,False,none,,
proactive,clean_only_learned,7,0.9,source_bit_macro_f1,0.4225110238726705,0.4042165965590738,0.4402503998795131,0.95,2000,1048,2400,0.0009995002498750624,True,holm,0.0029985007496251873,True
proactive,clean_only_learned,7,0.9,empirical_coverage,0.0954166666666667,0.08312546718845204,0.10777951301810224,0.95,2000,1048,2400,0.0009995002498750624,False,none,,
proactive,clean_only_learned,7,0.9,average_set_size,-0.21333333333333382,-0.28736462674280977,-0.13586945055953065,0.95,2000,1048,2400,0.0009995002498750624,False,none,,
proactive,clean_only_learned,7,0.9,mean_acquisition_cost,5.5775,5.546743889226152,5.607647547797174,0.95,2000,1048,2400,0.0009995002498750624,False,none,,
proactive,scalar_confidence,7,0.9,source_bit_macro_f1,0.46132471630350824,0.44257973387474975,0.4806953925739651,0.95,2000,1048,2400,0.0009995002498750624,True,holm,0.0029985007496251873,True
proactive,scalar_confidence,7,0.9,empirical_coverage,0.13208333333333333,0.11869313482216715,0.14611022482722671,0.95,2000,1048,2400,0.0009995002498750624,False,none,,
proactive,scalar_confidence,7,0.9,average_set_size,0.7404166666666665,0.6613132168992294,0.8194292892974864,0.95,2000,1048,2400,0.0009995002498750624,False,none,,
proactive,scalar_confidence,7,0.9,mean_acquisition_cost,5.5775,5.546743889226152,5.607647547797174,0.95,2000,1048,2400,0.0009995002498750624,False,none,,
proactive,random,7,0.95,source_bit_macro_f1,-0.00628711004229876,-0.00869774501183036,-0.004065128992387556,0.95,2000,1048,2400,0.0009995002498750624,False,none,,
proactive,random,7,0.95,empirical_coverage,0.0,-0.001252139156118609,0.0012448391254600787,0.95,2000,1048,2400,1.0,False,none,,
proactive,random,7,0.95,average_set_size,0.027916666666666146,-0.028664011412994125,0.08119595782503129,0.95,2000,1048,2400,0.3278360819590205,False,none,,
proactive,random,7,0.95,mean_acquisition_cost,-0.4225000000000003,-0.45325611077384886,-0.3923524522028261,0.95,2000,1048,2400,0.0009995002498750624,False,none,,
proactive,clean_only_learned,7,0.95,source_bit_macro_f1,0.4225110238726705,0.4042165965590738,0.4402503998795131,0.95,2000,1048,2400,0.0009995002498750624,False,none,,
proactive,clean_only_learned,7,0.95,empirical_coverage,0.09416666666666673,0.08234016542956961,0.10615430183306124,0.95,2000,1048,2400,0.0009995002498750624,False,none,,
proactive,clean_only_learned,7,0.95,average_set_size,-0.24333333333333407,-0.31791463799251346,-0.16624045601375984,0.95,2000,1048,2400,0.0009995002498750624,False,none,,
proactive,clean_only_learned,7,0.95,mean_acquisition_cost,5.5775,5.546743889226152,5.607647547797174,0.95,2000,1048,2400,0.0009995002498750624,False,none,,
proactive,scalar_confidence,7,0.95,source_bit_macro_f1,0.46132471630350824,0.44257973387474975,0.4806953925739651,0.95,2000,1048,2400,0.0009995002498750624,False,none,,
proactive,scalar_confidence,7,0.95,empirical_coverage,0.05958333333333332,0.0495565345466716,0.06996028840482438,0.95,2000,1048,2400,0.0009995002498750624,False,none,,
proactive,scalar_confidence,7,0.95,average_set_size,-0.7737500000000006,-0.8502260841769897,-0.694742683296687,0.95,2000,1048,2400,0.0009995002498750624,False,none,,
proactive,scalar_confidence,7,0.95,mean_acquisition_cost,5.5775,5.546743889226152,5.607647547797174,0.95,2000,1048,2400,0.0009995002498750624,False,none,,
