condition,maximum_budget,target_coverage,row_count,mean_acquisition_cost,source_bit_macro_f1,source_bit_micro_f1,six_way_macro_f1,coverage,average_set_size,pareto_nondominated
blank_first,1,0.9,2400,1.0,0.6933483554646468,0.7157847733869167,0.38543676872319654,0.99,4.011666666666667,False
blank_first,1,0.95,2400,1.0,0.6933483554646468,0.7157847733869167,0.38543676872319654,0.9958333333333333,4.324166666666667,False
blank_first,2,0.9,2400,2.0,0.8415138169558946,0.8233884495566739,0.4848169843956837,0.9941666666666666,3.83125,False
blank_first,2,0.95,2400,2.0,0.8415138169558946,0.8233884495566739,0.4848169843956837,0.9991666666666666,5.187083333333334,False
blank_first,3,0.9,2400,3.0,0.9348807034078676,0.930460333006856,0.6670449993609356,0.9816666666666667,3.4483333333333333,False
blank_first,3,0.95,2400,3.0,0.9348807034078676,0.930460333006856,0.6670449993609356,0.9995833333333334,4.835,False
blank_first,4,0.9,2400,4.0,0.9668596563694608,0.9645909645909646,0.7330634300240249,0.97875,4.044583333333334,False
blank_first,4,0.95,2400,4.0,0.9668596563694608,0.9645909645909646,0.7330634300240249,0.99875,4.598333333333334,False
blank_first,7,0.9,2400,6.0,0.9945310972449599,0.9945146673026473,0.7697286824384438,0.99875,4.515416666666667,True
blank_first,7,0.95,2400,6.0,0.9945310972449599,0.9945146673026473,0.7697286824384438,0.99875,4.515416666666667,True
clean_only_learned,1,0.9,2400,0.0,0.5657329633299907,0.5275229357798165,0.21930182056995154,0.9033333333333333,4.756666666666667,False
clean_only_learned,1,0.95,2400,0.0,0.5657329633299907,0.5275229357798165,0.21930182056995154,0.9045833333333333,4.786666666666667,False
clean_only_learned,2,0.9,2400,0.0,0.5657329633299907,0.5275229357798165,0.21930182056995154,0.9033333333333333,4.756666666666667,False
clean_only_learned,2,0.95,2400,0.0,0.5657329633299907,0.5275229357798165,0.21930182056995154,0.9045833333333333,4.786666666666667,False
clean_only_learned,3,0.9,2400,0.0,0.5657329633299907,0.5275229357798165,0.21930182056995154,0.9033333333333333,4.756666666666667,False
clean_only_learned,3,0.95,2400,0.0,0.5657329633299907,0.5275229357798165,0.21930182056995154,0.9045833333333333,4.786666666666667,False
clean_only_learned,4,0.9,2400,0.0,0.5657329633299907,0.5275229357798165,0.21930182056995154,0.9033333333333333,4.756666666666667,False
clean_only_learned,4,0.95,2400,0.0,0.5657329633299907,0.5275229357798165,0.21930182056995154,0.9045833333333333,4.786666666666667,False
clean_only_learned,7,0.9,2400,0.0,0.5657329633299907,0.5275229357798165,0.21930182056995154,0.9033333333333333,4.756666666666667,False
clean_only_learned,7,0.95,2400,0.0,0.5657329633299907,0.5275229357798165,0.21930182056995154,0.9045833333333333,4.786666666666667,False
diagnostic_no_acquisition,1,0.9,2400,0.0,0.539452914166428,0.5296154547111354,0.21717530134363447,0.90375,4.710416666666666,False
diagnostic_no_acquisition,1,0.95,2400,0.0,0.539452914166428,0.5296154547111354,0.21717530134363447,0.90375,4.7491666666666665,False
diagnostic_no_acquisition,2,0.9,2400,0.0,0.5408937701575284,0.5300146412884333,0.21239298428052367,0.905,4.7404166666666665,False
diagnostic_no_acquisition,2,0.95,2400,0.0,0.5408937701575284,0.5300146412884333,0.21239298428052367,0.95875,5.4591666666666665,False
diagnostic_no_acquisition,3,0.9,2400,0.0,0.5416425150777832,0.5319265053665636,0.21811498232958657,0.9020833333333333,4.80625,False
diagnostic_no_acquisition,3,0.95,2400,0.0,0.5416425150777832,0.5319265053665636,0.21811498232958657,0.955,5.43875,False
diagnostic_no_acquisition,4,0.9,2400,0.0,0.5382448587374614,0.530242665700833,0.21375214785059413,0.9233333333333333,5.135833333333333,False
diagnostic_no_acquisition,4,0.95,2400,0.0,0.5382448587374614,0.530242665700833,0.21375214785059413,0.9516666666666667,5.442083333333334,False
diagnostic_no_acquisition,7,0.9,2400,0.0,0.5368492180203114,0.526836416926177,0.20868995933810353,0.9491666666666667,5.470416666666667,False
diagnostic_no_acquisition,7,0.95,2400,0.0,0.5368492180203114,0.526836416926177,0.20868995933810353,0.9491666666666667,5.470416666666667,False
full_teacher,7,0.9,2400,6.0,0.9945310972449599,0.9945146673026473,0.7697286824384438,0.99875,4.515416666666667,True
full_teacher,7,0.95,2400,6.0,0.9945310972449599,0.9945146673026473,0.7697286824384438,0.99875,4.515416666666667,True
grounding_first,1,0.9,2400,1.0,0.6610558756594717,0.584060932565484,0.28114625553069034,0.9866666666666667,4.55125,False
grounding_first,1,0.95,2400,1.0,0.6610558756594717,0.584060932565484,0.28114625553069034,0.9979166666666667,4.6225,False
grounding_first,2,0.9,2400,2.0,0.8415138169558946,0.8233884495566739,0.4848169843956837,0.9941666666666666,3.83125,False
grounding_first,2,0.95,2400,2.0,0.8415138169558946,0.8233884495566739,0.4848169843956837,0.9991666666666666,5.187083333333334,False
grounding_first,3,0.9,2400,3.0,0.9348807034078676,0.930460333006856,0.6670449993609356,0.9816666666666667,3.4483333333333333,False
grounding_first,3,0.95,2400,3.0,0.9348807034078676,0.930460333006856,0.6670449993609356,0.9995833333333334,4.835,False
grounding_first,4,0.9,2400,4.0,0.9668596563694608,0.9645909645909646,0.7330634300240249,0.97875,4.044583333333334,False
grounding_first,4,0.95,2400,4.0,0.9668596563694608,0.9645909645909646,0.7330634300240249,0.99875,4.598333333333334,False
grounding_first,7,0.9,2400,6.0,0.9945310972449599,0.9945146673026473,0.7697286824384438,0.99875,4.515416666666667,True
grounding_first,7,0.95,2400,6.0,0.9945310972449599,0.9945146673026473,0.7697286824384438,0.99875,4.515416666666667,True
one_pass_distilled,1,0.9,2400,0.0,0.5795072096247913,0.5360911777121148,0.14625181094921727,0.925,4.705416666666666,True
one_pass_distilled,1,0.95,2400,0.0,0.5795072096247913,0.5360911777121148,0.14625181094921727,0.92625,4.718333333333334,True
one_pass_distilled,2,0.9,2400,0.0,0.5795072096247913,0.5360911777121148,0.14625181094921727,0.925,4.705416666666666,True
one_pass_distilled,2,0.95,2400,0.0,0.5795072096247913,0.5360911777121148,0.14625181094921727,0.92625,4.718333333333334,True
one_pass_distilled,3,0.9,2400,0.0,0.5795072096247913,0.5360911777121148,0.14625181094921727,0.925,4.705416666666666,True
one_pass_distilled,3,0.95,2400,0.0,0.5795072096247913,0.5360911777121148,0.14625181094921727,0.92625,4.718333333333334,True
one_pass_distilled,4,0.9,2400,0.0,0.5795072096247913,0.5360911777121148,0.14625181094921727,0.925,4.705416666666666,True
one_pass_distilled,4,0.95,2400,0.0,0.5795072096247913,0.5360911777121148,0.14625181094921727,0.92625,4.718333333333334,True
one_pass_distilled,7,0.9,2400,0.0,0.5795072096247913,0.5360911777121148,0.14625181094921727,0.925,4.705416666666666,True
one_pass_distilled,7,0.95,2400,0.0,0.5795072096247913,0.5360911777121148,0.14625181094921727,0.92625,4.718333333333334,True
oracle_best_subset,1,0.9,2400,0.9979166666666667,0.7603243562107166,0.7646576465764657,0.5774651025133805,0.915,3.1841666666666666,False
oracle_best_subset,1,0.95,2400,0.9979166666666667,0.7603243562107166,0.7646576465764657,0.5774651025133805,0.9820833333333333,3.745,False
oracle_best_subset,2,0.9,2400,1.9795833333333333,0.8975450996491198,0.8935226264418811,0.7139157143313315,0.9125,2.78375,True
oracle_best_subset,2,0.95,2400,1.9795833333333333,0.8975450996491198,0.8935226264418811,0.7139157143313315,0.99625,4.75125,True
oracle_best_subset,3,0.9,2400,2.9404166666666667,0.9537512083259249,0.9525133194347927,0.7439570319795074,0.91875,2.8008333333333333,True
oracle_best_subset,3,0.95,2400,2.9404166666666667,0.9537512083259249,0.9525133194347927,0.7439570319795074,0.9979166666666667,4.367916666666667,True
oracle_best_subset,4,0.9,2400,3.7929166666666667,0.9701962707941648,0.9682094436652642,0.7732787782276901,0.9433333333333334,2.935416666666667,True
oracle_best_subset,4,0.95,2400,3.7929166666666667,0.9701962707941648,0.9682094436652642,0.7732787782276901,0.9929166666666667,3.59875,True
oracle_best_subset,7,0.9,2400,4.6375,0.971743384824292,0.9700794763908368,0.7697490548447784,0.9895833333333334,2.9879166666666666,True
oracle_best_subset,7,0.95,2400,4.6375,0.971743384824292,0.9700794763908368,0.7697490548447784,0.9895833333333334,2.9879166666666666,True
oracle_next,1,0.9,2400,0.9979166666666667,0.7608257651879354,0.7649712879409352,0.5780108583214113,0.9154166666666667,3.18625,True
oracle_next,1,0.95,2400,0.9979166666666667,0.7608257651879354,0.7649712879409352,0.5780108583214113,0.9816666666666667,3.7408333333333332,True
oracle_next,2,0.9,2400,1.9708333333333334,0.8878189226837598,0.881824161368121,0.73235770794119,0.9175,2.8220833333333335,True
oracle_next,2,0.95,2400,1.9708333333333334,0.8878189226837598,0.881824161368121,0.73235770794119,0.9958333333333333,4.761666666666667,True
oracle_next,3,0.9,2400,2.88625,0.9332680923319177,0.9272563987427032,0.7718768912149606,0.9429166666666666,2.890833333333333,True
oracle_next,3,0.95,2400,2.88625,0.9332680923319177,0.9272563987427032,0.7718768912149606,0.9995833333333334,4.427083333333333,True
oracle_next,4,0.9,2400,3.4916666666666667,0.9343608355978231,0.9287003610108303,0.7746237118863372,0.9575,3.12625,False
oracle_next,4,0.95,2400,3.4916666666666667,0.9343608355978231,0.9287003610108303,0.7746237118863372,0.9958333333333333,3.8404166666666666,False
oracle_next,7,0.9,2400,3.11375,0.8715541333814943,0.8606271777003485,0.6871594899610908,0.97375,3.4170833333333333,False
oracle_next,7,0.95,2400,3.11375,0.8715541333814943,0.8606271777003485,0.6871594899610908,0.97375,3.4170833333333333,False
proactive,1,0.9,2400,1.0,0.6658520995960339,0.6855486173059768,0.37415966056406363,0.9466666666666667,3.9466666666666668,False
proactive,1,0.95,2400,1.0,0.6658520995960339,0.6855486173059768,0.37415966056406363,0.9779166666666667,4.275833333333333,False
proactive,2,0.9,2400,1.9908333333333332,0.8191021265955643,0.8260211800302572,0.48906339401222226,0.9666666666666667,3.6733333333333333,False
proactive,2,0.95,2400,1.9908333333333332,0.8191021265955643,0.8260211800302572,0.48906339401222226,0.9979166666666667,5.087916666666667,False
proactive,3,0.9,2400,2.986666666666667,0.9184379993726685,0.916234247590808,0.6379170014594523,0.9729166666666667,3.4275,False
proactive,3,0.95,2400,2.986666666666667,0.9184379993726685,0.916234247590808,0.6379170014594523,0.9979166666666667,4.837083333333333,False
proactive,4,0.9,2400,3.9704166666666665,0.9625353395321646,0.9602535966837357,0.7193148580566034,0.9808333333333333,4.102083333333334,False
proactive,4,0.95,2400,3.9704166666666665,0.9625353395321646,0.9602535966837357,0.7193148580566034,0.9983333333333333,4.6275,False
proactive,7,0.9,2400,5.5775,0.9882439872026612,0.9875598086124402,0.7456325201087722,0.99875,4.543333333333333,True
proactive,7,0.95,2400,5.5775,0.9882439872026612,0.9875598086124402,0.7456325201087722,0.99875,4.543333333333333,True
proactive_no_stop,1,0.9,2400,1.0,0.6658520995960339,0.6855486173059768,0.37415966056406363,0.9466666666666667,3.9466666666666668,False
proactive_no_stop,1,0.95,2400,1.0,0.6658520995960339,0.6855486173059768,0.37415966056406363,0.9779166666666667,4.275833333333333,False
proactive_no_stop,2,0.9,2400,2.0,0.8189163441146903,0.8258129568943786,0.48906339401222226,0.9658333333333333,3.6725,False
proactive_no_stop,2,0.95,2400,2.0,0.8189163441146903,0.8258129568943786,0.48906339401222226,0.9979166666666667,5.09375,False
proactive_no_stop,3,0.9,2400,3.0,0.9186389693604667,0.916501976284585,0.6379170014594523,0.9720833333333333,3.4275,False
proactive_no_stop,3,0.95,2400,3.0,0.9186389693604667,0.916501976284585,0.6379170014594523,0.9975,4.8375,False
proactive_no_stop,4,0.9,2400,4.0,0.9625353395321646,0.9602535966837357,0.7193148580566034,0.9808333333333333,4.089583333333334,False
proactive_no_stop,4,0.95,2400,4.0,0.9625353395321646,0.9602535966837357,0.7193148580566034,0.9983333333333333,4.608333333333333,False
proactive_no_stop,7,0.9,2400,6.0,0.9945310972449599,0.9945146673026473,0.7697286824384438,0.99875,4.515416666666667,True
proactive_no_stop,7,0.95,2400,6.0,0.9945310972449599,0.9945146673026473,0.7697286824384438,0.99875,4.515416666666667,True
random,1,0.9,2400,1.0,0.6200596357025572,0.6084066471163245,0.3196429806689546,0.92625,4.326666666666667,False
random,1,0.95,2400,1.0,0.6200596357025572,0.6084066471163245,0.3196429806689546,0.9470833333333334,4.492083333333333,False
random,2,0.9,2400,2.0,0.7002023149453208,0.6911491644316072,0.39994682414860144,0.94125,4.05375,False
random,2,0.95,2400,2.0,0.7002023149453208,0.6911491644316072,0.39994682414860144,0.9858333333333333,5.207083333333333,False
random,3,0.9,2400,3.0,0.7710920119470642,0.7653194263363755,0.48639063202092964,0.9641666666666666,3.8775,False
random,3,0.95,2400,3.0,0.7710920119470642,0.7653194263363755,0.48639063202092964,0.9908333333333333,4.989583333333333,False
random,4,0.9,2400,4.0,0.8447447966168024,0.8395396073121192,0.5743964801979201,0.9795833333333334,4.2725,False
random,4,0.95,2400,4.0,0.8447447966168024,0.8395396073121192,0.5743964801979201,0.9933333333333333,4.839166666666666,False
random,7,0.9,2400,6.0,0.9945310972449599,0.9945146673026473,0.7697286824384438,0.99875,4.515416666666667,True
random,7,0.95,2400,6.0,0.9945310972449599,0.9945146673026473,0.7697286824384438,0.99875,4.515416666666667,True
relation_first,1,0.9,2400,1.0,0.6610558756594717,0.584060932565484,0.28114625553069034,0.9866666666666667,4.55125,False
relation_first,1,0.95,2400,1.0,0.6610558756594717,0.584060932565484,0.28114625553069034,0.9979166666666667,4.6225,False
relation_first,2,0.9,2400,2.0,0.8415138169558946,0.8233884495566739,0.4848169843956837,0.9941666666666666,3.83125,False
relation_first,2,0.95,2400,2.0,0.8415138169558946,0.8233884495566739,0.4848169843956837,0.9991666666666666,5.187083333333334,False
relation_first,3,0.9,2400,3.0,0.9348807034078676,0.930460333006856,0.6670449993609356,0.9816666666666667,3.4483333333333333,False
relation_first,3,0.95,2400,3.0,0.9348807034078676,0.930460333006856,0.6670449993609356,0.9995833333333334,4.835,False
relation_first,4,0.9,2400,4.0,0.9668596563694608,0.9645909645909646,0.7330634300240249,0.97875,4.044583333333334,False
relation_first,4,0.95,2400,4.0,0.9668596563694608,0.9645909645909646,0.7330634300240249,0.99875,4.598333333333334,False
relation_first,7,0.9,2400,6.0,0.9945310972449599,0.9945146673026473,0.7697286824384438,0.99875,4.515416666666667,True
relation_first,7,0.95,2400,6.0,0.9945310972449599,0.9945146673026473,0.7697286824384438,0.99875,4.515416666666667,True
scalar_confidence,1,0.9,2400,0.0,0.5269192708991529,0.5056662758890191,0.21433429904104986,0.8666666666666667,3.8029166666666665,False
scalar_confidence,1,0.95,2400,0.0,0.5269192708991529,0.5056662758890191,0.21433429904104986,0.9391666666666667,5.317083333333334,False
scalar_confidence,2,0.9,2400,0.0,0.5269192708991529,0.5056662758890191,0.21433429904104986,0.8666666666666667,3.8029166666666665,False
scalar_confidence,2,0.95,2400,0.0,0.5269192708991529,0.5056662758890191,0.21433429904104986,0.9391666666666667,5.317083333333334,False
scalar_confidence,3,0.9,2400,0.0,0.5269192708991529,0.5056662758890191,0.21433429904104986,0.8666666666666667,3.8029166666666665,False
scalar_confidence,3,0.95,2400,0.0,0.5269192708991529,0.5056662758890191,0.21433429904104986,0.9391666666666667,5.317083333333334,False
scalar_confidence,4,0.9,2400,0.0,0.5269192708991529,0.5056662758890191,0.21433429904104986,0.8666666666666667,3.8029166666666665,False
scalar_confidence,4,0.95,2400,0.0,0.5269192708991529,0.5056662758890191,0.21433429904104986,0.9391666666666667,5.317083333333334,False
scalar_confidence,7,0.9,2400,0.0,0.5269192708991529,0.5056662758890191,0.21433429904104986,0.8666666666666667,3.8029166666666665,False
scalar_confidence,7,0.95,2400,0.0,0.5269192708991529,0.5056662758890191,0.21433429904104986,0.9391666666666667,5.317083333333334,False
uncertainty_greedy,1,0.9,2400,1.0,0.6772833032432163,0.6971608832807571,0.3868392522341584,0.9704166666666667,3.984166666666667,False
uncertainty_greedy,1,0.95,2400,1.0,0.6772833032432163,0.6971608832807571,0.3868392522341584,0.995,4.3,False
uncertainty_greedy,2,0.9,2400,1.99375,0.8195937982693037,0.8295884877556172,0.5149573367329132,0.9729166666666667,3.71375,False
uncertainty_greedy,2,0.95,2400,1.99375,0.8195937982693037,0.8295884877556172,0.5149573367329132,0.99875,5.144166666666667,False
uncertainty_greedy,3,0.9,2400,2.9570833333333333,0.9148340381577801,0.9168316831683169,0.6537223092461116,0.98,3.497916666666667,False
uncertainty_greedy,3,0.95,2400,2.9570833333333333,0.9148340381577801,0.9168316831683169,0.6537223092461116,0.99875,4.884166666666666,False
uncertainty_greedy,4,0.9,2400,3.8475,0.9612168462890773,0.9604907975460123,0.7336431721141743,0.9804166666666667,4.082916666666667,False
uncertainty_greedy,4,0.95,2400,3.8475,0.9612168462890773,0.9604907975460123,0.7336431721141743,0.99875,4.65125,False
uncertainty_greedy,7,0.9,2400,4.78,0.9760840105313277,0.9763170613823103,0.7550874320922994,0.9995833333333334,4.644583333333333,True
uncertainty_greedy,7,0.95,2400,4.78,0.9760840105313277,0.9763170613823103,0.7550874320922994,0.9995833333333334,4.644583333333333,True
visual_first,1,0.9,2400,1.0,0.6640874267606941,0.6494275562574023,0.36660513555726215,0.8854166666666666,4.06125,False
visual_first,1,0.95,2400,1.0,0.6640874267606941,0.6494275562574023,0.36660513555726215,0.93,4.274583333333333,False
visual_first,2,0.9,2400,2.0,0.7068087682492666,0.6859076433121019,0.390696929867499,0.9095833333333333,3.892916666666667,False
visual_first,2,0.95,2400,2.0,0.7068087682492666,0.6859076433121019,0.390696929867499,0.9766666666666667,5.111666666666666,False
visual_first,3,0.9,2400,3.0,0.7423263568018154,0.7226013649136893,0.40646178756273393,0.92875,3.8441666666666667,False
visual_first,3,0.95,2400,3.0,0.7423263568018154,0.7226013649136893,0.40646178756273393,0.9779166666666667,4.931666666666667,False
visual_first,4,0.9,2400,4.0,0.746399106729989,0.7265453090618124,0.4086107866858784,0.9604166666666667,4.373333333333333,False
visual_first,4,0.95,2400,4.0,0.746399106729989,0.7265453090618124,0.4086107866858784,0.9808333333333333,4.8625,False
visual_first,7,0.9,2400,6.0,0.9945310972449599,0.9945146673026473,0.7697286824384438,0.99875,4.515416666666667,True
visual_first,7,0.95,2400,6.0,0.9945310972449599,0.9945146673026473,0.7697286824384438,0.99875,4.515416666666667,True
