image_key,excluded_split,other_splits,reason
coco:000000000650,train,val,train_image_seen_later
coco:000000001171,train,test,train_image_seen_later
coco:000000003845,train,cal|test,train_image_seen_later
coco:000000005577,train,cal,train_image_seen_later
coco:000000006033,train,cal|val,train_image_seen_later
coco:000000006033,val,cal|train,validation_image_seen_in_cal_test_or_shift
coco:000000007320,train,test,train_image_seen_later
coco:000000007795,train,cal|val,train_image_seen_later
coco:000000007795,val,cal|train,validation_image_seen_in_cal_test_or_shift
coco:000000008749,train,test,train_image_seen_later
coco:000000011241,train,cal|test,train_image_seen_later
coco:000000012333,train,test,train_image_seen_later
coco:000000013348,train,cal|test|val,train_image_seen_later
coco:000000013348,val,cal|test|train,validation_image_seen_in_cal_test_or_shift
coco:000000015338,train,cal|val,train_image_seen_later
coco:000000015338,val,cal|train,validation_image_seen_in_cal_test_or_shift
coco:000000015738,train,cal,train_image_seen_later
coco:000000016451,train,cal|test,train_image_seen_later
coco:000000016775,train,test|val,train_image_seen_later
coco:000000016775,val,test|train,validation_image_seen_in_cal_test_or_shift
coco:000000017379,train,val,train_image_seen_later
coco:000000017708,train,cal|val,train_image_seen_later
coco:000000017708,val,cal|train,validation_image_seen_in_cal_test_or_shift
coco:000000018150,train,test,train_image_seen_later
coco:000000018918,train,test|val,train_image_seen_later
coco:000000018918,val,test|train,validation_image_seen_in_cal_test_or_shift
coco:000000021327,train,test|val,train_image_seen_later
coco:000000021327,val,test|train,validation_image_seen_in_cal_test_or_shift
coco:000000021645,train,test|val,train_image_seen_later
coco:000000021645,val,test|train,validation_image_seen_in_cal_test_or_shift
coco:000000023084,train,test,train_image_seen_later
coco:000000025972,train,cal,train_image_seen_later
coco:000000031773,train,test,train_image_seen_later
coco:000000031971,train,cal|test,train_image_seen_later
coco:000000033270,train,test,train_image_seen_later
coco:000000034773,train,test|val,train_image_seen_later
coco:000000034773,val,test|train,validation_image_seen_in_cal_test_or_shift
coco:000000037900,train,cal|val,train_image_seen_later
coco:000000037900,val,cal|train,validation_image_seen_in_cal_test_or_shift
coco:000000038645,train,cal,train_image_seen_later
coco:000000039516,train,cal|val,train_image_seen_later
coco:000000039516,val,cal|train,validation_image_seen_in_cal_test_or_shift
coco:000000040361,train,cal,train_image_seen_later
coco:000000041180,train,cal|val,train_image_seen_later
coco:000000041180,val,cal|train,validation_image_seen_in_cal_test_or_shift
coco:000000042190,train,cal,train_image_seen_later
coco:000000042685,train,test,train_image_seen_later
coco:000000044801,train,cal|test,train_image_seen_later
coco:000000044993,train,test,train_image_seen_later
coco:000000045071,train,cal,train_image_seen_later
coco:000000045685,train,test,train_image_seen_later
coco:000000049473,train,test|val,train_image_seen_later
coco:000000049473,val,test|train,validation_image_seen_in_cal_test_or_shift
coco:000000050627,train,cal|test|val,train_image_seen_later
coco:000000050627,val,cal|test|train,validation_image_seen_in_cal_test_or_shift
coco:000000052689,train,test,train_image_seen_later
coco:000000054025,train,cal|val,train_image_seen_later
coco:000000054025,val,cal|train,validation_image_seen_in_cal_test_or_shift
coco:000000059383,train,cal|val,train_image_seen_later
coco:000000059383,val,cal|train,validation_image_seen_in_cal_test_or_shift
coco:000000060213,train,test,train_image_seen_later
coco:000000061507,train,cal|val,train_image_seen_later
coco:000000061507,val,cal|train,validation_image_seen_in_cal_test_or_shift
coco:000000065001,train,val,train_image_seen_later
coco:000000068418,train,test,train_image_seen_later
coco:000000069863,train,test,train_image_seen_later
coco:000000070813,train,cal|test,train_image_seen_later
coco:000000071738,train,cal|test,train_image_seen_later
coco:000000073182,train,cal|test|val,train_image_seen_later
coco:000000073182,val,cal|test|train,validation_image_seen_in_cal_test_or_shift
coco:000000075591,train,test,train_image_seen_later
coco:000000076416,train,cal|shift,train_image_seen_later
coco:000000079213,train,test|val,train_image_seen_later
coco:000000079213,val,test|train,validation_image_seen_in_cal_test_or_shift
coco:000000079446,train,test,train_image_seen_later
coco:000000080022,train,test|val,train_image_seen_later
coco:000000080022,val,test|train,validation_image_seen_in_cal_test_or_shift
coco:000000081336,train,cal|test|val,train_image_seen_later
coco:000000081336,val,cal|test|train,validation_image_seen_in_cal_test_or_shift
coco:000000083275,train,val,train_image_seen_later
coco:000000084410,train,cal|val,train_image_seen_later
coco:000000084410,val,cal|train,validation_image_seen_in_cal_test_or_shift
coco:000000085637,train,val,train_image_seen_later
coco:000000087435,train,test,train_image_seen_later
coco:000000088507,train,cal,train_image_seen_later
coco:000000092624,train,cal|test,train_image_seen_later
coco:000000093946,train,cal|test|val,train_image_seen_later
coco:000000093946,val,cal|test|train,validation_image_seen_in_cal_test_or_shift
coco:000000093948,train,val,train_image_seen_later
coco:000000094501,train,cal|test|val,train_image_seen_later
coco:000000094501,val,cal|test|train,validation_image_seen_in_cal_test_or_shift
coco:000000094944,train,val,train_image_seen_later
coco:000000097994,train,val,train_image_seen_later
coco:000000098493,train,val,train_image_seen_later
coco:000000100215,train,val,train_image_seen_later
coco:000000100238,train,cal,train_image_seen_later
coco:000000102439,train,cal,train_image_seen_later
coco:000000102906,train,test,train_image_seen_later
coco:000000105732,train,cal|test,train_image_seen_later
coco:000000108189,train,cal|val,train_image_seen_later
coco:000000108189,val,cal|train,validation_image_seen_in_cal_test_or_shift
coco:000000111817,train,cal|test,train_image_seen_later
coco:000000113701,train,test|val,train_image_seen_later
coco:000000113701,val,test|train,validation_image_seen_in_cal_test_or_shift
coco:000000114710,train,cal|test,train_image_seen_later
coco:000000114941,train,cal,train_image_seen_later
coco:000000115626,train,cal|test,train_image_seen_later
coco:000000115636,train,test|val,train_image_seen_later
coco:000000115636,val,test|train,validation_image_seen_in_cal_test_or_shift
coco:000000117527,train,cal|val,train_image_seen_later
coco:000000117527,val,cal|train,validation_image_seen_in_cal_test_or_shift
coco:000000120792,train,cal|val,train_image_seen_later
coco:000000120792,val,cal|train,validation_image_seen_in_cal_test_or_shift
coco:000000121959,train,cal,train_image_seen_later
coco:000000122962,train,cal|val,train_image_seen_later
coco:000000122962,val,cal|train,validation_image_seen_in_cal_test_or_shift
coco:000000123570,train,test|val,train_image_seen_later
coco:000000123570,val,test|train,validation_image_seen_in_cal_test_or_shift
coco:000000124629,train,cal|test|val,train_image_seen_later
coco:000000124629,val,cal|test|train,validation_image_seen_in_cal_test_or_shift
coco:000000124930,train,cal|val,train_image_seen_later
coco:000000124930,val,cal|train,validation_image_seen_in_cal_test_or_shift
coco:000000125524,train,val,train_image_seen_later
coco:000000125572,train,cal|val,train_image_seen_later
coco:000000125572,val,cal|train,validation_image_seen_in_cal_test_or_shift
coco:000000131018,train,test,train_image_seen_later
coco:000000133667,train,test,train_image_seen_later
coco:000000134075,train,cal|test,train_image_seen_later
coco:000000139008,train,test,train_image_seen_later
coco:000000140583,train,test,train_image_seen_later
coco:000000140983,train,test|val,train_image_seen_later
coco:000000140983,val,test|train,validation_image_seen_in_cal_test_or_shift
coco:000000142056,train,cal|test,train_image_seen_later
coco:000000142774,train,test,train_image_seen_later
coco:000000147165,train,cal,train_image_seen_later
coco:000000148766,train,test,train_image_seen_later
coco:000000149592,train,test,train_image_seen_later
coco:000000153300,train,test|val,train_image_seen_later
coco:000000153300,val,test|train,validation_image_seen_in_cal_test_or_shift
coco:000000153865,train,cal|test|val,train_image_seen_later
coco:000000153865,val,cal|test|train,validation_image_seen_in_cal_test_or_shift
coco:000000154846,train,cal|test,train_image_seen_later
coco:000000155131,train,test|val,train_image_seen_later
coco:000000155131,val,test|train,validation_image_seen_in_cal_test_or_shift
coco:000000156282,train,cal|val,train_image_seen_later
coco:000000156282,val,cal|train,validation_image_seen_in_cal_test_or_shift
coco:000000156704,train,cal|test,train_image_seen_later
coco:000000157084,train,cal|test|val,train_image_seen_later
coco:000000157084,val,cal|test|train,validation_image_seen_in_cal_test_or_shift
coco:000000159969,train,shift|test|val,train_image_seen_later
coco:000000159969,val,shift|test|train,validation_image_seen_in_cal_test_or_shift
coco:000000163575,train,cal|test|val,train_image_seen_later
coco:000000163575,val,cal|test|train,validation_image_seen_in_cal_test_or_shift
coco:000000163814,train,cal|test|val,train_image_seen_later
coco:000000163814,val,cal|test|train,validation_image_seen_in_cal_test_or_shift
coco:000000167110,train,cal|test,train_image_seen_later
coco:000000167724,train,val,train_image_seen_later
coco:000000170077,train,val,train_image_seen_later
coco:000000170365,train,cal|test|val,train_image_seen_later
coco:000000170365,val,cal|test|train,validation_image_seen_in_cal_test_or_shift
coco:000000170517,train,cal|test|val,train_image_seen_later
coco:000000170517,val,cal|test|train,validation_image_seen_in_cal_test_or_shift
coco:000000172342,train,cal,train_image_seen_later
coco:000000175437,train,val,train_image_seen_later
coco:000000175506,train,cal|test,train_image_seen_later
coco:000000178078,train,test|val,train_image_seen_later
coco:000000178078,val,test|train,validation_image_seen_in_cal_test_or_shift
coco:000000183757,train,cal,train_image_seen_later
coco:000000183965,train,val,train_image_seen_later
coco:000000184338,train,val,train_image_seen_later
coco:000000188958,train,val,train_image_seen_later
coco:000000189694,train,cal,train_image_seen_later
coco:000000190185,train,val,train_image_seen_later
coco:000000190788,train,val,train_image_seen_later
coco:000000191964,train,test,train_image_seen_later
coco:000000192660,train,test,train_image_seen_later
coco:000000196053,train,cal|test,train_image_seen_later
coco:000000196307,train,val,train_image_seen_later
coco:000000196462,train,test|val,train_image_seen_later
coco:000000196462,val,test|train,validation_image_seen_in_cal_test_or_shift
coco:000000197219,train,val,train_image_seen_later
coco:000000198397,train,test|val,train_image_seen_later
coco:000000198397,val,test|train,validation_image_seen_in_cal_test_or_shift
coco:000000199122,train,cal|test,train_image_seen_later
coco:000000199764,train,test,train_image_seen_later
coco:000000199940,train,cal|val,train_image_seen_later
coco:000000199940,val,cal|train,validation_image_seen_in_cal_test_or_shift
coco:000000199959,train,cal|test,train_image_seen_later
coco:000000200739,train,cal|test,train_image_seen_later
coco:000000203479,train,cal,train_image_seen_later
coco:000000204100,train,test,train_image_seen_later
coco:000000204360,train,cal|test|val,train_image_seen_later
coco:000000204360,val,cal|test|train,validation_image_seen_in_cal_test_or_shift
coco:000000205206,train,test,train_image_seen_later
coco:000000205729,train,test|val,train_image_seen_later
coco:000000205729,val,test|train,validation_image_seen_in_cal_test_or_shift
coco:000000207205,train,cal|val,train_image_seen_later
coco:000000207205,val,cal|train,validation_image_seen_in_cal_test_or_shift
coco:000000208028,train,cal|val,train_image_seen_later
coco:000000208028,val,cal|train,validation_image_seen_in_cal_test_or_shift
coco:000000209290,train,test,train_image_seen_later
coco:000000209755,train,cal,train_image_seen_later
coco:000000210789,train,cal,train_image_seen_later
coco:000000211674,train,test,train_image_seen_later
coco:000000212241,train,cal|test,train_image_seen_later
coco:000000214244,train,cal|test,train_image_seen_later
coco:000000214421,train,test,train_image_seen_later
coco:000000217397,train,test|val,train_image_seen_later
coco:000000217397,val,test|train,validation_image_seen_in_cal_test_or_shift
coco:000000218142,train,cal,train_image_seen_later
coco:000000218224,train,cal|val,train_image_seen_later
coco:000000218224,val,cal|train,validation_image_seen_in_cal_test_or_shift
coco:000000222118,train,cal|val,train_image_seen_later
coco:000000222118,val,cal|train,validation_image_seen_in_cal_test_or_shift
coco:000000224155,train,cal|test,train_image_seen_later
coco:000000226097,train,cal|test,train_image_seen_later
coco:000000227204,train,cal,train_image_seen_later
coco:000000227227,train,val,train_image_seen_later
coco:000000230175,train,val,train_image_seen_later
coco:000000231589,train,val,train_image_seen_later
coco:000000233426,train,test,train_image_seen_later
coco:000000235203,train,cal|test,train_image_seen_later
coco:000000236023,train,cal,train_image_seen_later
coco:000000236370,train,cal,train_image_seen_later
coco:000000236865,train,cal|test|val,train_image_seen_later
coco:000000236865,val,cal|test|train,validation_image_seen_in_cal_test_or_shift
coco:000000237767,train,test|val,train_image_seen_later
coco:000000237767,val,test|train,validation_image_seen_in_cal_test_or_shift
coco:000000238029,train,cal,train_image_seen_later
coco:000000238691,train,cal|val,train_image_seen_later
coco:000000238691,val,cal|train,validation_image_seen_in_cal_test_or_shift
coco:000000239130,train,cal,train_image_seen_later
coco:000000239347,train,test,train_image_seen_later
coco:000000239444,train,cal,train_image_seen_later
coco:000000240434,train,cal,train_image_seen_later
coco:000000243158,train,test|val,train_image_seen_later
coco:000000243158,val,test|train,validation_image_seen_in_cal_test_or_shift
coco:000000244455,train,cal|test,train_image_seen_later
coco:000000245448,train,cal|test|val,train_image_seen_later
coco:000000245448,val,cal|test|train,validation_image_seen_in_cal_test_or_shift
coco:000000245642,train,cal|test,train_image_seen_later
coco:000000246199,train,test,train_image_seen_later
coco:000000246928,train,cal,train_image_seen_later
coco:000000246999,train,cal|val,train_image_seen_later
coco:000000246999,val,cal|train,validation_image_seen_in_cal_test_or_shift
coco:000000249644,train,test,train_image_seen_later
coco:000000249715,train,cal|test,train_image_seen_later
coco:000000249720,train,cal|test,train_image_seen_later
coco:000000252135,train,test,train_image_seen_later
coco:000000252911,train,test,train_image_seen_later
coco:000000256906,train,cal|test,train_image_seen_later
coco:000000257327,train,cal|val,train_image_seen_later
coco:000000257327,val,cal|train,validation_image_seen_in_cal_test_or_shift
coco:000000259755,train,cal|test,train_image_seen_later
coco:000000262371,train,val,train_image_seen_later
coco:000000262736,train,cal,train_image_seen_later
coco:000000263594,train,cal,train_image_seen_later
coco:000000264155,train,test|val,train_image_seen_later
coco:000000264155,val,test|train,validation_image_seen_in_cal_test_or_shift
coco:000000265719,train,cal,train_image_seen_later
coco:000000267684,train,cal|test|val,train_image_seen_later
coco:000000267684,val,cal|test|train,validation_image_seen_in_cal_test_or_shift
coco:000000270609,train,cal|test|val,train_image_seen_later
coco:000000270609,val,cal|test|train,validation_image_seen_in_cal_test_or_shift
coco:000000273450,train,cal|test,train_image_seen_later
coco:000000275863,train,test,train_image_seen_later
coco:000000276693,train,val,train_image_seen_later
coco:000000277289,train,test,train_image_seen_later
coco:000000278226,train,cal,train_image_seen_later
coco:000000278771,train,val,train_image_seen_later
coco:000000279499,train,cal|test,train_image_seen_later
coco:000000280810,train,cal|test|val,train_image_seen_later
coco:000000280810,val,cal|test|train,validation_image_seen_in_cal_test_or_shift
coco:000000281028,train,val,train_image_seen_later
coco:000000281766,train,cal,train_image_seen_later
coco:000000283168,train,cal,train_image_seen_later
coco:000000283412,train,test,train_image_seen_later
coco:000000286342,train,cal,train_image_seen_later
coco:000000288042,train,cal,train_image_seen_later
coco:000000288106,train,cal,train_image_seen_later
coco:000000288576,train,cal|test,train_image_seen_later
coco:000000288639,train,cal|test,train_image_seen_later
coco:000000291936,train,val,train_image_seen_later
coco:000000293564,train,test,train_image_seen_later
coco:000000295377,train,cal|test,train_image_seen_later
coco:000000295443,train,cal|test,train_image_seen_later
coco:000000297078,train,cal|test|val,train_image_seen_later
coco:000000297078,val,cal|test|train,validation_image_seen_in_cal_test_or_shift
coco:000000298633,train,test,train_image_seen_later
coco:000000299074,train,cal,train_image_seen_later
coco:000000299986,train,cal|test,train_image_seen_later
coco:000000300368,train,test,train_image_seen_later
coco:000000300876,train,test,train_image_seen_later
coco:000000301575,train,val,train_image_seen_later
coco:000000302405,train,cal,train_image_seen_later
coco:000000303099,train,cal|val,train_image_seen_later
coco:000000303099,val,cal|train,validation_image_seen_in_cal_test_or_shift
coco:000000303652,train,test|val,train_image_seen_later
coco:000000303652,val,test|train,validation_image_seen_in_cal_test_or_shift
coco:000000303971,train,test,train_image_seen_later
coco:000000304387,train,cal,train_image_seen_later
coco:000000304819,train,cal|test,train_image_seen_later
coco:000000307166,train,cal|val,train_image_seen_later
coco:000000307166,val,cal|train,validation_image_seen_in_cal_test_or_shift
coco:000000307262,train,test,train_image_seen_later
coco:000000308907,train,test|val,train_image_seen_later
coco:000000308907,val,test|train,validation_image_seen_in_cal_test_or_shift
coco:000000309371,train,val,train_image_seen_later
coco:000000310196,train,cal,train_image_seen_later
coco:000000311327,train,cal|test,train_image_seen_later
coco:000000311759,train,test|val,train_image_seen_later
coco:000000311759,val,test|train,validation_image_seen_in_cal_test_or_shift
coco:000000312406,train,cal|test,train_image_seen_later
coco:000000313034,train,cal|test|val,train_image_seen_later
coco:000000313034,val,cal|test|train,validation_image_seen_in_cal_test_or_shift
coco:000000313162,train,cal|test|val,train_image_seen_later
coco:000000313162,val,cal|test|train,validation_image_seen_in_cal_test_or_shift
coco:000000314992,train,cal|test|val,train_image_seen_later
coco:000000314992,val,cal|test|train,validation_image_seen_in_cal_test_or_shift
coco:000000316237,train,test,train_image_seen_later
coco:000000318204,train,val,train_image_seen_later
coco:000000318209,train,cal,train_image_seen_later
coco:000000318550,train,cal,train_image_seen_later
coco:000000323752,train,cal,train_image_seen_later
coco:000000325347,train,cal,train_image_seen_later
coco:000000327038,train,cal|val,train_image_seen_later
coco:000000327038,val,cal|train,validation_image_seen_in_cal_test_or_shift
coco:000000327532,train,cal,train_image_seen_later
coco:000000327771,train,test|val,train_image_seen_later
coco:000000327771,val,test|train,validation_image_seen_in_cal_test_or_shift
coco:000000328301,train,val,train_image_seen_later
coco:000000329717,train,cal|test,train_image_seen_later
coco:000000332420,train,test,train_image_seen_later
coco:000000332625,train,cal|test|val,train_image_seen_later
coco:000000332625,val,cal|test|train,validation_image_seen_in_cal_test_or_shift
coco:000000332908,train,cal|test,train_image_seen_later
coco:000000333237,train,test|val,train_image_seen_later
coco:000000333237,val,test|train,validation_image_seen_in_cal_test_or_shift
coco:000000333756,train,shift|test,train_image_seen_later
coco:000000336872,train,cal|test|val,train_image_seen_later
coco:000000336872,val,cal|test|train,validation_image_seen_in_cal_test_or_shift
coco:000000337502,train,cal|val,train_image_seen_later
coco:000000337502,val,cal|train,validation_image_seen_in_cal_test_or_shift
coco:000000338291,train,cal|test|val,train_image_seen_later
coco:000000338291,val,cal|test|train,validation_image_seen_in_cal_test_or_shift
coco:000000343401,train,test|val,train_image_seen_later
coco:000000343401,val,test|train,validation_image_seen_in_cal_test_or_shift
coco:000000343967,train,cal|test|val,train_image_seen_later
coco:000000343967,val,cal|test|train,validation_image_seen_in_cal_test_or_shift
coco:000000348524,train,cal|test,train_image_seen_later
coco:000000353096,train,test,train_image_seen_later
coco:000000354088,train,cal|test|val,train_image_seen_later
coco:000000354088,val,cal|test|train,validation_image_seen_in_cal_test_or_shift
coco:000000354229,train,test|val,train_image_seen_later
coco:000000354229,val,test|train,validation_image_seen_in_cal_test_or_shift
coco:000000354398,train,cal|val,train_image_seen_later
coco:000000354398,val,cal|train,validation_image_seen_in_cal_test_or_shift
coco:000000354976,train,cal|val,train_image_seen_later
coco:000000354976,val,cal|train,validation_image_seen_in_cal_test_or_shift
coco:000000355342,train,cal|test,train_image_seen_later
coco:000000355776,train,cal,train_image_seen_later
coco:000000356424,train,cal|test,train_image_seen_later
coco:000000357859,train,cal,train_image_seen_later
coco:000000358255,train,test,train_image_seen_later
coco:000000360600,train,test,train_image_seen_later
coco:000000363908,train,test,train_image_seen_later
coco:000000364725,train,cal,train_image_seen_later
coco:000000365317,train,cal|test|val,train_image_seen_later
coco:000000365317,val,cal|test|train,validation_image_seen_in_cal_test_or_shift
coco:000000365822,train,val,train_image_seen_later
coco:000000366141,train,cal,train_image_seen_later
coco:000000367528,train,cal,train_image_seen_later
coco:000000368541,train,cal|val,train_image_seen_later
coco:000000368541,val,cal|train,validation_image_seen_in_cal_test_or_shift
coco:000000369541,train,cal|test|val,train_image_seen_later
coco:000000369541,val,cal|test|train,validation_image_seen_in_cal_test_or_shift
coco:000000370900,train,cal|val,train_image_seen_later
coco:000000370900,val,cal|train,validation_image_seen_in_cal_test_or_shift
coco:000000372009,train,test|val,train_image_seen_later
coco:000000372009,val,test|train,validation_image_seen_in_cal_test_or_shift
coco:000000372817,train,test|val,train_image_seen_later
coco:000000372817,val,test|train,validation_image_seen_in_cal_test_or_shift
coco:000000372819,train,test,train_image_seen_later
coco:000000372902,train,cal,train_image_seen_later
coco:000000374061,train,val,train_image_seen_later
coco:000000375909,train,test|val,train_image_seen_later
coco:000000375909,val,test|train,validation_image_seen_in_cal_test_or_shift
coco:000000376959,train,test|val,train_image_seen_later
coco:000000376959,val,test|train,validation_image_seen_in_cal_test_or_shift
coco:000000377352,train,test,train_image_seen_later
coco:000000377401,train,cal|val,train_image_seen_later
coco:000000377401,val,cal|train,validation_image_seen_in_cal_test_or_shift
coco:000000377879,train,test|val,train_image_seen_later
coco:000000377879,val,test|train,validation_image_seen_in_cal_test_or_shift
coco:000000377951,train,cal|test,train_image_seen_later
coco:000000378751,train,cal|test,train_image_seen_later
coco:000000378873,train,cal,train_image_seen_later
coco:000000379162,train,val,train_image_seen_later
coco:000000379404,train,test,train_image_seen_later
coco:000000381195,train,test,train_image_seen_later
coco:000000381895,train,cal|val,train_image_seen_later
coco:000000381895,val,cal|train,validation_image_seen_in_cal_test_or_shift
coco:000000382617,train,cal|test,train_image_seen_later
coco:000000382670,train,cal,train_image_seen_later
coco:000000384040,train,test,train_image_seen_later
coco:000000384970,train,cal,train_image_seen_later
coco:000000387098,train,test|val,train_image_seen_later
coco:000000387098,val,test|train,validation_image_seen_in_cal_test_or_shift
coco:000000388237,train,cal,train_image_seen_later
coco:000000388983,train,test,train_image_seen_later
coco:000000390157,train,test|val,train_image_seen_later
coco:000000390157,val,test|train,validation_image_seen_in_cal_test_or_shift
coco:000000390184,train,test|val,train_image_seen_later
coco:000000390184,val,test|train,validation_image_seen_in_cal_test_or_shift
coco:000000392364,train,cal|test|val,train_image_seen_later
coco:000000392364,val,cal|test|train,validation_image_seen_in_cal_test_or_shift
coco:000000394535,train,test,train_image_seen_later
coco:000000396068,train,cal|test,train_image_seen_later
coco:000000396338,train,cal|test,train_image_seen_later
coco:000000397665,train,val,train_image_seen_later
coco:000000397705,train,cal|val,train_image_seen_later
coco:000000397705,val,cal|train,validation_image_seen_in_cal_test_or_shift
coco:000000401398,train,test,train_image_seen_later
coco:000000403231,train,shift,train_image_seen_later
coco:000000405205,train,cal|test|val,train_image_seen_later
coco:000000405205,val,cal|test|train,validation_image_seen_in_cal_test_or_shift
coco:000000405740,train,cal|test|val,train_image_seen_later
coco:000000405740,val,cal|test|train,validation_image_seen_in_cal_test_or_shift
coco:000000405762,train,test|val,train_image_seen_later
coco:000000405762,val,test|train,validation_image_seen_in_cal_test_or_shift
coco:000000406403,train,val,train_image_seen_later
coco:000000407386,train,val,train_image_seen_later
coco:000000408757,train,test|val,train_image_seen_later
coco:000000408757,val,test|train,validation_image_seen_in_cal_test_or_shift
coco:000000410597,train,test|val,train_image_seen_later
coco:000000410597,val,test|train,validation_image_seen_in_cal_test_or_shift
coco:000000414516,train,cal,train_image_seen_later
coco:000000415727,train,val,train_image_seen_later
coco:000000418471,train,test,train_image_seen_later
coco:000000419453,train,cal|val,train_image_seen_later
coco:000000419453,val,cal|train,validation_image_seen_in_cal_test_or_shift
coco:000000421455,train,val,train_image_seen_later
coco:000000424642,train,test,train_image_seen_later
coco:000000424792,train,cal|val,train_image_seen_later
coco:000000424792,val,cal|train,validation_image_seen_in_cal_test_or_shift
coco:000000427113,train,cal,train_image_seen_later
coco:000000429033,train,cal|test,train_image_seen_later
coco:000000429706,train,test,train_image_seen_later
coco:000000429913,train,cal|test|val,train_image_seen_later
coco:000000429913,val,cal|test|train,validation_image_seen_in_cal_test_or_shift
coco:000000431615,train,test,train_image_seen_later
coco:000000433574,train,test,train_image_seen_later
coco:000000434179,train,cal|val,train_image_seen_later
coco:000000434179,val,cal|train,validation_image_seen_in_cal_test_or_shift
coco:000000436127,train,cal|val,train_image_seen_later
coco:000000436127,val,cal|train,validation_image_seen_in_cal_test_or_shift
coco:000000437347,train,cal|val,train_image_seen_later
coco:000000437347,val,cal|train,validation_image_seen_in_cal_test_or_shift
coco:000000439364,train,test,train_image_seen_later
coco:000000441156,train,test|val,train_image_seen_later
coco:000000441156,val,test|train,validation_image_seen_in_cal_test_or_shift
coco:000000441165,train,val,train_image_seen_later
coco:000000443240,train,test|val,train_image_seen_later
coco:000000443240,val,test|train,validation_image_seen_in_cal_test_or_shift
coco:000000445200,train,val,train_image_seen_later
coco:000000446651,train,val,train_image_seen_later
coco:000000447787,train,cal|val,train_image_seen_later
coco:000000447787,val,cal|train,validation_image_seen_in_cal_test_or_shift
coco:000000449432,train,cal|test,train_image_seen_later
coco:000000452297,train,cal,train_image_seen_later
coco:000000454607,train,test,train_image_seen_later
coco:000000454642,train,test,train_image_seen_later
coco:000000455157,train,test|val,train_image_seen_later
coco:000000455157,val,test|train,validation_image_seen_in_cal_test_or_shift
coco:000000456178,train,cal|val,train_image_seen_later
coco:000000456178,val,cal|train,validation_image_seen_in_cal_test_or_shift
coco:000000456552,train,test|val,train_image_seen_later
coco:000000456552,val,test|train,validation_image_seen_in_cal_test_or_shift
coco:000000458325,train,test,train_image_seen_later
coco:000000458338,train,val,train_image_seen_later
coco:000000459680,train,cal|test|val,train_image_seen_later
coco:000000459680,val,cal|test|train,validation_image_seen_in_cal_test_or_shift
coco:000000460931,train,cal|val,train_image_seen_later
coco:000000460931,val,cal|train,validation_image_seen_in_cal_test_or_shift
coco:000000461300,train,test,train_image_seen_later
coco:000000461331,train,cal,train_image_seen_later
coco:000000462805,train,test|val,train_image_seen_later
coco:000000462805,val,test|train,validation_image_seen_in_cal_test_or_shift
coco:000000463522,train,cal|val,train_image_seen_later
coco:000000463522,val,cal|train,validation_image_seen_in_cal_test_or_shift
coco:000000463542,train,val,train_image_seen_later
coco:000000463640,train,cal|val,train_image_seen_later
coco:000000463640,val,cal|train,validation_image_seen_in_cal_test_or_shift
coco:000000465275,train,cal|test,train_image_seen_later
coco:000000465346,train,test,train_image_seen_later
coco:000000465418,train,cal|test,train_image_seen_later
coco:000000467176,train,cal|val,train_image_seen_later
coco:000000467176,val,cal|train,validation_image_seen_in_cal_test_or_shift
coco:000000467887,train,cal,train_image_seen_later
coco:000000468169,train,cal|val,train_image_seen_later
coco:000000468169,val,cal|train,validation_image_seen_in_cal_test_or_shift
coco:000000468934,train,val,train_image_seen_later
coco:000000468997,train,cal|test,train_image_seen_later
coco:000000470699,train,cal,train_image_seen_later
coco:000000472143,train,test|val,train_image_seen_later
coco:000000472143,val,test|train,validation_image_seen_in_cal_test_or_shift
coco:000000472375,train,test|val,train_image_seen_later
coco:000000472375,val,test|train,validation_image_seen_in_cal_test_or_shift
coco:000000473199,train,cal|test|val,train_image_seen_later
coco:000000473199,val,cal|test|train,validation_image_seen_in_cal_test_or_shift
coco:000000474741,train,test|val,train_image_seen_later
coco:000000474741,val,test|train,validation_image_seen_in_cal_test_or_shift
coco:000000477598,train,test,train_image_seen_later
coco:000000477673,train,test,train_image_seen_later
coco:000000478736,train,test|val,train_image_seen_later
coco:000000478736,val,test|train,validation_image_seen_in_cal_test_or_shift
coco:000000482275,train,val,train_image_seen_later
coco:000000482476,train,cal|val,train_image_seen_later
coco:000000482476,val,cal|train,validation_image_seen_in_cal_test_or_shift
coco:000000482829,train,cal|test|val,train_image_seen_later
coco:000000482829,val,cal|test|train,validation_image_seen_in_cal_test_or_shift
coco:000000485485,train,cal,train_image_seen_later
coco:000000485564,train,test,train_image_seen_later
coco:000000495311,train,test|val,train_image_seen_later
coco:000000495311,val,test|train,validation_image_seen_in_cal_test_or_shift
coco:000000498100,train,cal|val,train_image_seen_later
coco:000000498100,val,cal|train,validation_image_seen_in_cal_test_or_shift
coco:000000498374,train,cal|test,train_image_seen_later
coco:000000499105,train,test,train_image_seen_later
coco:000000500257,train,cal|val,train_image_seen_later
coco:000000500257,val,cal|train,validation_image_seen_in_cal_test_or_shift
coco:000000500680,train,cal,train_image_seen_later
coco:000000501294,train,test,train_image_seen_later
coco:000000501652,train,cal,train_image_seen_later
coco:000000501898,train,cal,train_image_seen_later
coco:000000505335,train,cal|val,train_image_seen_later
coco:000000505335,val,cal|train,validation_image_seen_in_cal_test_or_shift
coco:000000505542,train,cal|test|val,train_image_seen_later
coco:000000505542,val,cal|test|train,validation_image_seen_in_cal_test_or_shift
coco:000000505933,train,cal|test|val,train_image_seen_later
coco:000000505933,val,cal|test|train,validation_image_seen_in_cal_test_or_shift
coco:000000506151,train,val,train_image_seen_later
coco:000000506178,train,cal|test,train_image_seen_later
coco:000000506483,train,cal|val,train_image_seen_later
coco:000000506483,val,cal|train,validation_image_seen_in_cal_test_or_shift
coco:000000510138,train,cal|test,train_image_seen_later
coco:000000511341,train,val,train_image_seen_later
coco:000000511622,train,test|val,train_image_seen_later
coco:000000511622,val,test|train,validation_image_seen_in_cal_test_or_shift
coco:000000514292,train,cal|test|val,train_image_seen_later
coco:000000514292,val,cal|test|train,validation_image_seen_in_cal_test_or_shift
coco:000000515820,train,cal|val,train_image_seen_later
coco:000000515820,val,cal|train,validation_image_seen_in_cal_test_or_shift
coco:000000516601,train,test,train_image_seen_later
coco:000000516916,train,test,train_image_seen_later
coco:000000518177,train,cal|test,train_image_seen_later
coco:000000520524,train,val,train_image_seen_later
coco:000000520694,train,cal,train_image_seen_later
coco:000000521643,train,cal,train_image_seen_later
coco:000000524979,train,cal,train_image_seen_later
coco:000000525667,train,cal,train_image_seen_later
coco:000000526368,train,test|val,train_image_seen_later
coco:000000526368,val,test|train,validation_image_seen_in_cal_test_or_shift
coco:000000528905,train,test|val,train_image_seen_later
coco:000000528905,val,test|train,validation_image_seen_in_cal_test_or_shift
coco:000000533201,train,test|val,train_image_seen_later
coco:000000533201,val,test|train,validation_image_seen_in_cal_test_or_shift
coco:000000534121,train,test|val,train_image_seen_later
coco:000000534121,val,test|train,validation_image_seen_in_cal_test_or_shift
coco:000000534516,train,cal|test,train_image_seen_later
coco:000000534942,train,cal|test,train_image_seen_later
coco:000000536073,train,cal,train_image_seen_later
coco:000000538054,train,val,train_image_seen_later
coco:000000538236,train,val,train_image_seen_later
coco:000000539251,train,cal|test,train_image_seen_later
coco:000000541783,train,cal,train_image_seen_later
coco:000000542145,train,cal|test,train_image_seen_later
coco:000000543393,train,cal|val,train_image_seen_later
coco:000000543393,val,cal|train,validation_image_seen_in_cal_test_or_shift
coco:000000544456,train,test,train_image_seen_later
coco:000000545353,train,cal,train_image_seen_later
coco:000000549390,train,cal|test,train_image_seen_later
coco:000000550514,train,test,train_image_seen_later
coco:000000550691,train,cal|test,train_image_seen_later
coco:000000551881,train,test|val,train_image_seen_later
coco:000000551881,val,test|train,validation_image_seen_in_cal_test_or_shift
coco:000000551908,train,val,train_image_seen_later
coco:000000553992,train,test,train_image_seen_later
coco:000000554002,train,shift|test,train_image_seen_later
coco:000000554328,train,cal|val,train_image_seen_later
coco:000000554328,val,cal|train,validation_image_seen_in_cal_test_or_shift
coco:000000555538,train,cal|test|val,train_image_seen_later
coco:000000555538,val,cal|test|train,validation_image_seen_in_cal_test_or_shift
coco:000000557016,train,cal|val,train_image_seen_later
coco:000000557016,val,cal|train,validation_image_seen_in_cal_test_or_shift
coco:000000559547,train,cal,train_image_seen_later
coco:000000560744,train,cal|test,train_image_seen_later
coco:000000564336,train,cal|test,train_image_seen_later
coco:000000564511,train,test,train_image_seen_later
coco:000000565941,train,cal,train_image_seen_later
coco:000000567886,train,cal|test|val,train_image_seen_later
coco:000000567886,val,cal|test|train,validation_image_seen_in_cal_test_or_shift
coco:000000569839,train,cal|val,train_image_seen_later
coco:000000569839,val,cal|train,validation_image_seen_in_cal_test_or_shift
coco:000000572075,train,cal|test,train_image_seen_later
coco:000000572260,train,cal,train_image_seen_later
coco:000000573796,train,cal|val,train_image_seen_later
coco:000000573796,val,cal|train,validation_image_seen_in_cal_test_or_shift
coco:000000574057,train,test,train_image_seen_later
coco:000000574454,train,val,train_image_seen_later
coco:000000574692,train,test|val,train_image_seen_later
coco:000000574692,val,test|train,validation_image_seen_in_cal_test_or_shift
coco:000000574790,train,test|val,train_image_seen_later
coco:000000574790,val,test|train,validation_image_seen_in_cal_test_or_shift
coco:000000575355,train,cal,train_image_seen_later
coco:000000575755,train,cal|test|val,train_image_seen_later
coco:000000575755,val,cal|test|train,validation_image_seen_in_cal_test_or_shift
coco:000000579277,train,test,train_image_seen_later
coco:000000579415,train,cal,train_image_seen_later
coco:000000580162,train,test,train_image_seen_later
coco:000000580294,train,test|val,train_image_seen_later
coco:000000580294,val,test|train,validation_image_seen_in_cal_test_or_shift
hallusionbench:VD/figure/10_0.png,train,cal,train_image_seen_later
hallusionbench:VD/figure/10_1.png,train,test,train_image_seen_later
hallusionbench:VD/figure/11_0.png,train,test,train_image_seen_later
hallusionbench:VD/figure/13_0.png,train,test,train_image_seen_later
hallusionbench:VD/figure/14_1.png,train,val,train_image_seen_later
hallusionbench:VD/figure/15_0.png,train,val,train_image_seen_later
hallusionbench:VD/figure/16_0.png,val,cal,validation_image_seen_in_cal_test_or_shift
hallusionbench:VD/figure/17_0.png,train,cal,train_image_seen_later
hallusionbench:VD/figure/17_1.png,train,test,train_image_seen_later
hallusionbench:VD/figure/18_0.png,train,test,train_image_seen_later
hallusionbench:VD/figure/2_0.png,train,test,train_image_seen_later
hallusionbench:VD/figure/2_1.png,train,test,train_image_seen_later
hallusionbench:VD/figure/3_1.png,train,test,train_image_seen_later
hallusionbench:VD/figure/4_0.png,train,val,train_image_seen_later
hallusionbench:VD/figure/5_0.png,val,test,validation_image_seen_in_cal_test_or_shift
hallusionbench:VD/figure/6_1.png,train,val,train_image_seen_later
hallusionbench:VD/figure/9_1.png,train,cal,train_image_seen_later
hallusionbench:VD/illusion/0_1.png,train,cal|test,train_image_seen_later
hallusionbench:VD/illusion/11_0.png,train,test,train_image_seen_later
hallusionbench:VD/illusion/14_0.png,train,cal|val,train_image_seen_later
hallusionbench:VD/illusion/14_0.png,val,cal|train,validation_image_seen_in_cal_test_or_shift
hallusionbench:VD/illusion/14_1.png,train,val,train_image_seen_later
hallusionbench:VD/illusion/15_1.png,train,test,train_image_seen_later
hallusionbench:VD/illusion/16_0.png,train,cal,train_image_seen_later
hallusionbench:VD/illusion/16_1.png,train,val,train_image_seen_later
hallusionbench:VD/illusion/18_1.png,train,val,train_image_seen_later
hallusionbench:VD/illusion/19_1.png,train,test,train_image_seen_later
hallusionbench:VD/illusion/1_0.png,train,val,train_image_seen_later
hallusionbench:VD/illusion/1_1.png,train,cal|val,train_image_seen_later
hallusionbench:VD/illusion/1_1.png,val,cal|train,validation_image_seen_in_cal_test_or_shift
hallusionbench:VD/illusion/21_0.png,train,val,train_image_seen_later
hallusionbench:VD/illusion/21_1.png,train,val,train_image_seen_later
hallusionbench:VD/illusion/23_1.png,train,val,train_image_seen_later
hallusionbench:VD/illusion/24_1.png,train,test,train_image_seen_later
hallusionbench:VD/illusion/25_0.png,train,val,train_image_seen_later
hallusionbench:VD/illusion/25_1.png,train,test|val,train_image_seen_later
hallusionbench:VD/illusion/25_1.png,val,test|train,validation_image_seen_in_cal_test_or_shift
hallusionbench:VD/illusion/27_1.png,train,val,train_image_seen_later
hallusionbench:VD/illusion/28_0.png,train,test,train_image_seen_later
hallusionbench:VD/illusion/28_1.png,train,test,train_image_seen_later
hallusionbench:VD/illusion/29_0.png,train,cal,train_image_seen_later
hallusionbench:VD/illusion/29_1.png,train,cal|val,train_image_seen_later
hallusionbench:VD/illusion/29_1.png,val,cal|train,validation_image_seen_in_cal_test_or_shift
hallusionbench:VD/illusion/2_0.png,train,cal,train_image_seen_later
hallusionbench:VD/illusion/3_0.png,train,test,train_image_seen_later
hallusionbench:VD/illusion/5_0.png,train,cal,train_image_seen_later
hallusionbench:VD/illusion/9_1.png,train,val,train_image_seen_later
hallusionbench:VD/math/0_0.png,train,val,train_image_seen_later
hallusionbench:VD/math/0_1.png,train,val,train_image_seen_later
hallusionbench:VD/math/10_0.png,train,cal,train_image_seen_later
hallusionbench:VD/math/11_0.png,train,test,train_image_seen_later
hallusionbench:VD/math/12_1.png,train,cal|val,train_image_seen_later
hallusionbench:VD/math/12_1.png,val,cal|train,validation_image_seen_in_cal_test_or_shift
hallusionbench:VD/math/13_1.png,train,cal,train_image_seen_later
hallusionbench:VD/math/14_1.png,train,val,train_image_seen_later
hallusionbench:VD/math/16_0.png,train,test,train_image_seen_later
hallusionbench:VD/math/17_0.png,train,cal,train_image_seen_later
hallusionbench:VD/math/1_0.png,train,cal,train_image_seen_later
hallusionbench:VD/math/2_0.png,train,cal,train_image_seen_later
hallusionbench:VD/math/2_1.png,train,cal,train_image_seen_later
hallusionbench:VD/math/3_0.png,train,test,train_image_seen_later
hallusionbench:VD/math/5_0.png,train,cal,train_image_seen_later
hallusionbench:VD/math/5_1.png,train,val,train_image_seen_later
hallusionbench:VD/math/6_0.png,train,cal|val,train_image_seen_later
hallusionbench:VD/math/6_0.png,val,cal|train,validation_image_seen_in_cal_test_or_shift
hallusionbench:VD/math/7_0.png,train,val,train_image_seen_later
hallusionbench:VD/math/8_0.png,train,cal|test,train_image_seen_later
hallusionbench:VD/math/8_1.png,train,test,train_image_seen_later
hallusionbench:VD/math/9_0.png,train,test,train_image_seen_later
hallusionbench:VD/math/9_1.png,train,cal,train_image_seen_later
hallusionbench:VD/ocr/0_0.png,train,test,train_image_seen_later
hallusionbench:VD/ocr/0_1.png,train,cal,train_image_seen_later
hallusionbench:VD/ocr/10_0.png,train,test,train_image_seen_later
hallusionbench:VD/ocr/10_1.png,train,cal,train_image_seen_later
hallusionbench:VD/ocr/11_0.png,train,test,train_image_seen_later
hallusionbench:VD/ocr/11_1.png,train,val,train_image_seen_later
hallusionbench:VD/ocr/12_0.png,train,cal,train_image_seen_later
hallusionbench:VD/ocr/13_0.png,train,val,train_image_seen_later
hallusionbench:VD/ocr/13_1.png,train,val,train_image_seen_later
hallusionbench:VD/ocr/14_0.png,train,cal,train_image_seen_later
hallusionbench:VD/ocr/16_0.png,train,val,train_image_seen_later
hallusionbench:VD/ocr/16_1.png,train,val,train_image_seen_later
hallusionbench:VD/ocr/19_0.png,train,test,train_image_seen_later
hallusionbench:VD/ocr/1_1.png,train,test,train_image_seen_later
hallusionbench:VD/ocr/4_0.png,train,val,train_image_seen_later
hallusionbench:VD/ocr/6_0.png,train,val,train_image_seen_later
hallusionbench:VD/ocr/7_0.png,train,test,train_image_seen_later
hallusionbench:VD/ocr/7_1.png,train,test,train_image_seen_later
hallusionbench:VD/ocr/8_0.png,train,val,train_image_seen_later
hallusionbench:VD/ocr/8_1.png,train,test,train_image_seen_later
hallusionbench:VD/ocr/9_1.png,train,test,train_image_seen_later
hallusionbench:VD/video/10_0.png,train,cal,train_image_seen_later
hallusionbench:VD/video/10_1.png,train,cal|val,train_image_seen_later
hallusionbench:VD/video/10_1.png,val,cal|train,validation_image_seen_in_cal_test_or_shift
hallusionbench:VD/video/10_2.png,train,test,train_image_seen_later
hallusionbench:VD/video/11_1.png,train,val,train_image_seen_later
hallusionbench:VD/video/11_2.png,train,cal|test,train_image_seen_later
hallusionbench:VD/video/12_1.png,train,test|val,train_image_seen_later
hallusionbench:VD/video/12_1.png,val,test|train,validation_image_seen_in_cal_test_or_shift
hallusionbench:VD/video/12_2.png,train,test,train_image_seen_later
hallusionbench:VD/video/14_0.png,train,test|val,train_image_seen_later
hallusionbench:VD/video/14_0.png,val,test|train,validation_image_seen_in_cal_test_or_shift
hallusionbench:VD/video/14_1.png,train,cal,train_image_seen_later
hallusionbench:VD/video/15_1.png,train,val,train_image_seen_later
hallusionbench:VD/video/16_1.png,train,val,train_image_seen_later
hallusionbench:VD/video/18_0.png,train,cal|test,train_image_seen_later
hallusionbench:VD/video/18_1.png,train,test|val,train_image_seen_later
hallusionbench:VD/video/18_1.png,val,test|train,validation_image_seen_in_cal_test_or_shift
hallusionbench:VD/video/19_0.png,train,val,train_image_seen_later
hallusionbench:VD/video/19_2.png,train,cal,train_image_seen_later
hallusionbench:VD/video/1_0.png,train,cal|test,train_image_seen_later
hallusionbench:VD/video/1_1.png,train,test,train_image_seen_later
hallusionbench:VD/video/2_0.png,train,cal|val,train_image_seen_later
hallusionbench:VD/video/2_0.png,val,cal|train,validation_image_seen_in_cal_test_or_shift
hallusionbench:VD/video/2_1.png,train,test,train_image_seen_later
hallusionbench:VD/video/3_0.png,train,val,train_image_seen_later
hallusionbench:VD/video/3_1.png,train,cal|val,train_image_seen_later
hallusionbench:VD/video/3_1.png,val,cal|train,validation_image_seen_in_cal_test_or_shift
hallusionbench:VD/video/3_2.png,train,test|val,train_image_seen_later
hallusionbench:VD/video/3_2.png,val,test|train,validation_image_seen_in_cal_test_or_shift
hallusionbench:VD/video/4_0.png,train,val,train_image_seen_later
hallusionbench:VD/video/4_2.png,train,cal|test,train_image_seen_later
hallusionbench:VD/video/5_0.png,train,val,train_image_seen_later
hallusionbench:VD/video/5_1.png,train,test,train_image_seen_later
hallusionbench:VD/video/6_1.png,train,test|val,train_image_seen_later
hallusionbench:VD/video/6_1.png,val,test|train,validation_image_seen_in_cal_test_or_shift
hallusionbench:VD/video/7_0.png,train,val,train_image_seen_later
hallusionbench:VD/video/7_1.png,train,test,train_image_seen_later
hallusionbench:VD/video/8_0.png,train,test,train_image_seen_later
hallusionbench:VD/video/8_1.png,train,cal,train_image_seen_later
hallusionbench:VD/video/9_0.png,train,test|val,train_image_seen_later
hallusionbench:VD/video/9_0.png,val,test|train,validation_image_seen_in_cal_test_or_shift
hallusionbench:VD/video/9_1.png,train,cal,train_image_seen_later
hallusionbench:VS/chart/0_1.png,train,test|val,train_image_seen_later
hallusionbench:VS/chart/0_1.png,val,test|train,validation_image_seen_in_cal_test_or_shift
hallusionbench:VS/chart/10_1.png,train,val,train_image_seen_later
hallusionbench:VS/chart/12_1.png,train,cal,train_image_seen_later
hallusionbench:VS/chart/13_2.png,train,cal,train_image_seen_later
hallusionbench:VS/chart/14_1.png,train,cal,train_image_seen_later
hallusionbench:VS/chart/16_2.png,train,cal,train_image_seen_later
hallusionbench:VS/chart/17_1.png,train,val,train_image_seen_later
hallusionbench:VS/chart/19_1.png,train,test,train_image_seen_later
hallusionbench:VS/chart/19_2.png,train,cal,train_image_seen_later
hallusionbench:VS/chart/1_1.png,train,val,train_image_seen_later
hallusionbench:VS/chart/20_1.png,train,cal,train_image_seen_later
hallusionbench:VS/chart/21_1.png,val,test,validation_image_seen_in_cal_test_or_shift
hallusionbench:VS/chart/2_1.png,train,cal,train_image_seen_later
hallusionbench:VS/chart/3_2.png,train,val,train_image_seen_later
hallusionbench:VS/chart/4_1.png,train,test,train_image_seen_later
hallusionbench:VS/chart/4_2.png,train,cal,train_image_seen_later
hallusionbench:VS/chart/5_1.png,train,test|val,train_image_seen_later
hallusionbench:VS/chart/5_1.png,val,test|train,validation_image_seen_in_cal_test_or_shift
hallusionbench:VS/chart/5_2.png,train,val,train_image_seen_later
hallusionbench:VS/chart/6_2.png,train,val,train_image_seen_later
hallusionbench:VS/chart/7_1.png,train,test,train_image_seen_later
hallusionbench:VS/chart/8_1.png,train,test,train_image_seen_later
hallusionbench:VS/chart/9_1.png,train,test,train_image_seen_later
hallusionbench:VS/chart/9_2.png,train,cal|test,train_image_seen_later
hallusionbench:VS/map/0_1.png,train,cal|test,train_image_seen_later
hallusionbench:VS/map/0_2.png,train,test,train_image_seen_later
hallusionbench:VS/map/10_2.png,train,test,train_image_seen_later
hallusionbench:VS/map/1_2.png,train,cal|val,train_image_seen_later
hallusionbench:VS/map/1_2.png,val,cal|train,validation_image_seen_in_cal_test_or_shift
hallusionbench:VS/map/2_1.png,train,val,train_image_seen_later
hallusionbench:VS/map/2_2.png,val,cal,validation_image_seen_in_cal_test_or_shift
hallusionbench:VS/map/3_1.png,train,test,train_image_seen_later
hallusionbench:VS/map/3_2.png,train,cal,train_image_seen_later
hallusionbench:VS/map/4_1.png,train,cal,train_image_seen_later
hallusionbench:VS/map/4_2.png,train,cal,train_image_seen_later
hallusionbench:VS/map/5_1.png,train,test|val,train_image_seen_later
hallusionbench:VS/map/5_1.png,val,test|train,validation_image_seen_in_cal_test_or_shift
hallusionbench:VS/map/5_2.png,train,val,train_image_seen_later
hallusionbench:VS/map/6_2.png,train,cal,train_image_seen_later
hallusionbench:VS/map/8_2.png,train,test|val,train_image_seen_later
hallusionbench:VS/map/8_2.png,val,test|train,validation_image_seen_in_cal_test_or_shift
hallusionbench:VS/map/9_2.png,train,cal,train_image_seen_later
hallusionbench:VS/ocr/0_1.png,train,cal,train_image_seen_later
hallusionbench:VS/ocr/0_2.png,train,cal,train_image_seen_later
hallusionbench:VS/ocr/11_1.png,train,test,train_image_seen_later
hallusionbench:VS/ocr/11_2.png,train,cal,train_image_seen_later
hallusionbench:VS/ocr/12_1.png,train,cal,train_image_seen_later
hallusionbench:VS/ocr/12_2.png,val,cal,validation_image_seen_in_cal_test_or_shift
hallusionbench:VS/ocr/3_1.png,train,test,train_image_seen_later
hallusionbench:VS/ocr/4_2.png,train,val,train_image_seen_later
hallusionbench:VS/ocr/5_1.png,train,cal,train_image_seen_later
hallusionbench:VS/ocr/7_1.png,train,test,train_image_seen_later
hallusionbench:VS/ocr/9_2.png,train,cal,train_image_seen_later
hallusionbench:VS/table/0_1.png,train,cal,train_image_seen_later
hallusionbench:VS/table/0_2.png,train,cal,train_image_seen_later
hallusionbench:VS/table/10_1.png,train,test|val,train_image_seen_later
hallusionbench:VS/table/10_1.png,val,test|train,validation_image_seen_in_cal_test_or_shift
hallusionbench:VS/table/10_2.png,train,cal|test,train_image_seen_later
hallusionbench:VS/table/1_1.png,train,test,train_image_seen_later
hallusionbench:VS/table/1_2.png,train,cal,train_image_seen_later
hallusionbench:VS/table/2_1.png,train,val,train_image_seen_later
hallusionbench:VS/table/2_2.png,train,cal,train_image_seen_later
hallusionbench:VS/table/2_3.png,train,val,train_image_seen_later
hallusionbench:VS/table/3_1.png,train,cal,train_image_seen_later
hallusionbench:VS/table/3_2.png,train,cal,train_image_seen_later
hallusionbench:VS/table/4_1.png,train,test,train_image_seen_later
hallusionbench:VS/table/4_2.png,train,cal|val,train_image_seen_later
hallusionbench:VS/table/4_2.png,val,cal|train,validation_image_seen_in_cal_test_or_shift
hallusionbench:VS/table/4_3.png,train,cal,train_image_seen_later
hallusionbench:VS/table/5_2.png,train,test|val,train_image_seen_later
hallusionbench:VS/table/5_2.png,val,test|train,validation_image_seen_in_cal_test_or_shift
hallusionbench:VS/table/6_1.png,train,val,train_image_seen_later
hallusionbench:VS/table/6_2.png,train,test,train_image_seen_later
hallusionbench:VS/table/6_3.png,train,cal|val,train_image_seen_later
hallusionbench:VS/table/6_3.png,val,cal|train,validation_image_seen_in_cal_test_or_shift
hallusionbench:VS/table/7_2.png,train,cal|test|val,train_image_seen_later
hallusionbench:VS/table/7_2.png,val,cal|test|train,validation_image_seen_in_cal_test_or_shift
hallusionbench:VS/table/7_3.png,train,cal|val,train_image_seen_later
hallusionbench:VS/table/7_3.png,val,cal|train,validation_image_seen_in_cal_test_or_shift
hallusionbench:VS/table/8_1.png,train,cal|test|val,train_image_seen_later
hallusionbench:VS/table/8_1.png,val,cal|test|train,validation_image_seen_in_cal_test_or_shift
hallusionbench:VS/table/8_2.png,train,val,train_image_seen_later
hallusionbench:VS/table/9_2.png,train,val,train_image_seen_later
