instance_id,model_id,dataset,split,probe,norm_answer,reason
hallusionbench_229_229,google/gemma-4-E4B-it,hallusionbench,train,blank,unknown,valid_applicable_but_unusable_normalized_answer
hallusionbench_240_240,google/gemma-4-E4B-it,hallusionbench,train,blank,unknown,valid_applicable_but_unusable_normalized_answer
hallusionbench_242_242,google/gemma-4-E4B-it,hallusionbench,train,blank,unknown,valid_applicable_but_unusable_normalized_answer
hallusionbench_249_249,google/gemma-4-E4B-it,hallusionbench,train,blank,unknown,valid_applicable_but_unusable_normalized_answer
hallusionbench_256_256,google/gemma-4-E4B-it,hallusionbench,cal,blank,unknown,valid_applicable_but_unusable_normalized_answer
hallusionbench_271_271,google/gemma-4-E4B-it,hallusionbench,train,blank,unknown,valid_applicable_but_unusable_normalized_answer
hallusionbench_285_285,google/gemma-4-E4B-it,hallusionbench,train,blank,unknown,valid_applicable_but_unusable_normalized_answer
hallusionbench_288_288,google/gemma-4-E4B-it,hallusionbench,cal,blank,unknown,valid_applicable_but_unusable_normalized_answer
hallusionbench_346_346,google/gemma-4-E4B-it,hallusionbench,train,blank,unknown,valid_applicable_but_unusable_normalized_answer
hallusionbench_222_222,google/gemma-4-E4B-it,hallusionbench,cal,blank,unknown,valid_applicable_but_unusable_normalized_answer
hallusionbench_231_231,google/gemma-4-E4B-it,hallusionbench,train,blank,unknown,valid_applicable_but_unusable_normalized_answer
hallusionbench_253_253,google/gemma-4-E4B-it,hallusionbench,train,blank,unknown,valid_applicable_but_unusable_normalized_answer
hallusionbench_264_264,google/gemma-4-E4B-it,hallusionbench,train,blank,unknown,valid_applicable_but_unusable_normalized_answer
hallusionbench_268_268,google/gemma-4-E4B-it,hallusionbench,train,blank,unknown,valid_applicable_but_unusable_normalized_answer
hallusionbench_272_272,google/gemma-4-E4B-it,hallusionbench,train,blank,unknown,valid_applicable_but_unusable_normalized_answer
hallusionbench_287_287,google/gemma-4-E4B-it,hallusionbench,val,blank,unknown,valid_applicable_but_unusable_normalized_answer
hallusionbench_223_223,google/gemma-4-E4B-it,hallusionbench,train,blank,unknown,valid_applicable_but_unusable_normalized_answer
hallusionbench_228_228,google/gemma-4-E4B-it,hallusionbench,val,blank,unknown,valid_applicable_but_unusable_normalized_answer
hallusionbench_239_239,google/gemma-4-E4B-it,hallusionbench,train,blank,unknown,valid_applicable_but_unusable_normalized_answer
hallusionbench_252_252,google/gemma-4-E4B-it,hallusionbench,val,blank,unknown,valid_applicable_but_unusable_normalized_answer
hallusionbench_255_255,google/gemma-4-E4B-it,hallusionbench,train,blank,unknown,valid_applicable_but_unusable_normalized_answer
hallusionbench_232_232,google/gemma-4-E4B-it,hallusionbench,cal,blank,unknown,valid_applicable_but_unusable_normalized_answer
hallusionbench_234_234,google/gemma-4-E4B-it,hallusionbench,train,blank,unknown,valid_applicable_but_unusable_normalized_answer
hallusionbench_234_234,google/gemma-4-E4B-it,hallusionbench,train,blur,unknown,valid_applicable_but_unusable_normalized_answer
hallusionbench_235_235,google/gemma-4-E4B-it,hallusionbench,val,blank,unknown,valid_applicable_but_unusable_normalized_answer
hallusionbench_235_235,google/gemma-4-E4B-it,hallusionbench,val,blur,unknown,valid_applicable_but_unusable_normalized_answer
hallusionbench_243_243,google/gemma-4-E4B-it,hallusionbench,cal,blank,unknown,valid_applicable_but_unusable_normalized_answer
hallusionbench_250_250,google/gemma-4-E4B-it,hallusionbench,test,blank,unknown,valid_applicable_but_unusable_normalized_answer
hallusionbench_263_263,google/gemma-4-E4B-it,hallusionbench,train,blank,unknown,valid_applicable_but_unusable_normalized_answer
hallusionbench_267_267,google/gemma-4-E4B-it,hallusionbench,test,blank,unknown,valid_applicable_but_unusable_normalized_answer
hallusionbench_286_286,google/gemma-4-E4B-it,hallusionbench,train,blank,unknown,valid_applicable_but_unusable_normalized_answer
vizwiz_VizWiz_val_00001423_1423,Qwen/Qwen3-VL-8B-Instruct,vizwiz,train,blank,unknown,valid_applicable_but_unusable_normalized_answer
vizwiz_VizWiz_val_00002479_2479,Qwen/Qwen3-VL-8B-Instruct,vizwiz,train,crop,unknown,valid_applicable_but_unusable_normalized_answer
vizwiz_VizWiz_val_00001269_1269,Qwen/Qwen3-VL-8B-Instruct,vizwiz,train,blur,unknown,valid_applicable_but_unusable_normalized_answer
vizwiz_VizWiz_val_00002658_2658,Qwen/Qwen3-VL-8B-Instruct,vizwiz,train,blank,unknown,valid_applicable_but_unusable_normalized_answer
vizwiz_VizWiz_val_00002658_2658,Qwen/Qwen3-VL-8B-Instruct,vizwiz,train,brightness,unknown,valid_applicable_but_unusable_normalized_answer
vizwiz_VizWiz_val_00000917_917,Qwen/Qwen3-VL-8B-Instruct,vizwiz,train,brightness,unknown,valid_applicable_but_unusable_normalized_answer
vizwiz_VizWiz_val_00001012_1012,Qwen/Qwen3-VL-8B-Instruct,vizwiz,train,blank,unknown,valid_applicable_but_unusable_normalized_answer
illusionbench_10024021_4,Qwen/Qwen3-VL-8B-Instruct,illusionbench,shift,blank,unknown,valid_applicable_but_unusable_normalized_answer
prehal_1000016_27611eb4682a84a3_1143,Qwen/Qwen3-VL-8B-Instruct,prehal,shift,blank,unknown,valid_applicable_but_unusable_normalized_answer
prehal_1001783_0b24f53d0e300aed_1804,Qwen/Qwen3-VL-8B-Instruct,prehal,shift,blank,unknown,valid_applicable_but_unusable_normalized_answer
illusionbench_10011002_6,google/gemma-4-E4B-it,illusionbench,shift,blank,unknown,valid_applicable_but_unusable_normalized_answer
illusionbench_10011003_10,google/gemma-4-E4B-it,illusionbench,shift,blank,unknown,valid_applicable_but_unusable_normalized_answer
illusionbench_10011003_10,google/gemma-4-E4B-it,illusionbench,shift,blur,unknown,valid_applicable_but_unusable_normalized_answer
illusionbench_10011003_2,google/gemma-4-E4B-it,illusionbench,shift,blank,unknown,valid_applicable_but_unusable_normalized_answer
illusionbench_10011004_8,google/gemma-4-E4B-it,illusionbench,shift,blank,unknown,valid_applicable_but_unusable_normalized_answer
illusionbench_10011006_2,google/gemma-4-E4B-it,illusionbench,shift,blank,unknown,valid_applicable_but_unusable_normalized_answer
illusionbench_10011013_4,google/gemma-4-E4B-it,illusionbench,shift,blank,unknown,valid_applicable_but_unusable_normalized_answer
illusionbench_10011014_2,google/gemma-4-E4B-it,illusionbench,shift,blank,unknown,valid_applicable_but_unusable_normalized_answer
illusionbench_10011014_4,google/gemma-4-E4B-it,illusionbench,shift,blank,unknown,valid_applicable_but_unusable_normalized_answer
illusionbench_10011014_9,google/gemma-4-E4B-it,illusionbench,shift,blank,unknown,valid_applicable_but_unusable_normalized_answer
illusionbench_10011016_3,google/gemma-4-E4B-it,illusionbench,shift,blank,unknown,valid_applicable_but_unusable_normalized_answer
illusionbench_10011021_2,google/gemma-4-E4B-it,illusionbench,shift,blank,unknown,valid_applicable_but_unusable_normalized_answer
illusionbench_10011025_2,google/gemma-4-E4B-it,illusionbench,shift,blank,unknown,valid_applicable_but_unusable_normalized_answer
illusionbench_10011026_13,google/gemma-4-E4B-it,illusionbench,shift,blank,unknown,valid_applicable_but_unusable_normalized_answer
illusionbench_10011027_10,google/gemma-4-E4B-it,illusionbench,shift,blank,unknown,valid_applicable_but_unusable_normalized_answer
illusionbench_10011027_2,google/gemma-4-E4B-it,illusionbench,shift,blank,unknown,valid_applicable_but_unusable_normalized_answer
illusionbench_10011029_7,google/gemma-4-E4B-it,illusionbench,shift,blank,unknown,valid_applicable_but_unusable_normalized_answer
illusionbench_10011033_2,google/gemma-4-E4B-it,illusionbench,shift,blank,unknown,valid_applicable_but_unusable_normalized_answer
illusionbench_10011034_4,google/gemma-4-E4B-it,illusionbench,shift,blank,unknown,valid_applicable_but_unusable_normalized_answer
illusionbench_10011034_4,google/gemma-4-E4B-it,illusionbench,shift,blur,unknown,valid_applicable_but_unusable_normalized_answer
illusionbench_10011034_6,google/gemma-4-E4B-it,illusionbench,shift,blank,unknown,valid_applicable_but_unusable_normalized_answer
illusionbench_10011035_3,google/gemma-4-E4B-it,illusionbench,shift,blank,unknown,valid_applicable_but_unusable_normalized_answer
illusionbench_10011036_4,google/gemma-4-E4B-it,illusionbench,shift,blank,unknown,valid_applicable_but_unusable_normalized_answer
illusionbench_10021006_16,google/gemma-4-E4B-it,illusionbench,shift,blank,unknown,valid_applicable_but_unusable_normalized_answer
illusionbench_10021010_2,google/gemma-4-E4B-it,illusionbench,shift,blank,unknown,valid_applicable_but_unusable_normalized_answer
illusionbench_10021012_4,google/gemma-4-E4B-it,illusionbench,shift,blank,unknown,valid_applicable_but_unusable_normalized_answer
illusionbench_10021022_3,google/gemma-4-E4B-it,illusionbench,shift,blank,unknown,valid_applicable_but_unusable_normalized_answer
illusionbench_10021028_4,google/gemma-4-E4B-it,illusionbench,shift,blank,unknown,valid_applicable_but_unusable_normalized_answer
illusionbench_10021033_2,google/gemma-4-E4B-it,illusionbench,shift,blank,unknown,valid_applicable_but_unusable_normalized_answer
illusionbench_10021037_3,google/gemma-4-E4B-it,illusionbench,shift,blank,unknown,valid_applicable_but_unusable_normalized_answer
illusionbench_10021038_3,google/gemma-4-E4B-it,illusionbench,shift,blank,unknown,valid_applicable_but_unusable_normalized_answer
illusionbench_10023001_4,google/gemma-4-E4B-it,illusionbench,shift,blank,unknown,valid_applicable_but_unusable_normalized_answer
illusionbench_10023002_2,google/gemma-4-E4B-it,illusionbench,shift,blank,unknown,valid_applicable_but_unusable_normalized_answer
illusionbench_10023005_3,google/gemma-4-E4B-it,illusionbench,shift,blank,unknown,valid_applicable_but_unusable_normalized_answer
illusionbench_10023005_3,google/gemma-4-E4B-it,illusionbench,shift,blur,unknown,valid_applicable_but_unusable_normalized_answer
illusionbench_10023005_3,google/gemma-4-E4B-it,illusionbench,shift,crop,unknown,valid_applicable_but_unusable_normalized_answer
illusionbench_10023005_3,google/gemma-4-E4B-it,illusionbench,shift,brightness,unknown,valid_applicable_but_unusable_normalized_answer
illusionbench_10023009_3,google/gemma-4-E4B-it,illusionbench,shift,blank,unknown,valid_applicable_but_unusable_normalized_answer
illusionbench_10023013_4,google/gemma-4-E4B-it,illusionbench,shift,blank,unknown,valid_applicable_but_unusable_normalized_answer
illusionbench_10023019_4,google/gemma-4-E4B-it,illusionbench,shift,blank,unknown,valid_applicable_but_unusable_normalized_answer
illusionbench_10023025_4,google/gemma-4-E4B-it,illusionbench,shift,blank,unknown,valid_applicable_but_unusable_normalized_answer
illusionbench_10023029_3,google/gemma-4-E4B-it,illusionbench,shift,blank,unknown,valid_applicable_but_unusable_normalized_answer
illusionbench_10023032_3,google/gemma-4-E4B-it,illusionbench,shift,blank,unknown,valid_applicable_but_unusable_normalized_answer
illusionbench_10023038_4,google/gemma-4-E4B-it,illusionbench,shift,blank,unknown,valid_applicable_but_unusable_normalized_answer
illusionbench_10023040_4,google/gemma-4-E4B-it,illusionbench,shift,blank,unknown,valid_applicable_but_unusable_normalized_answer
illusionbench_10024001_3,google/gemma-4-E4B-it,illusionbench,shift,blank,unknown,valid_applicable_but_unusable_normalized_answer
illusionbench_10024001_3,google/gemma-4-E4B-it,illusionbench,shift,blur,unknown,valid_applicable_but_unusable_normalized_answer
illusionbench_10024001_4,google/gemma-4-E4B-it,illusionbench,shift,blank,unknown,valid_applicable_but_unusable_normalized_answer
illusionbench_10024003_3,google/gemma-4-E4B-it,illusionbench,shift,blank,unknown,valid_applicable_but_unusable_normalized_answer
illusionbench_10024006_4,google/gemma-4-E4B-it,illusionbench,shift,blank,unknown,valid_applicable_but_unusable_normalized_answer
illusionbench_10024013_3,google/gemma-4-E4B-it,illusionbench,shift,blank,unknown,valid_applicable_but_unusable_normalized_answer
illusionbench_10024023_4,google/gemma-4-E4B-it,illusionbench,shift,blank,unknown,valid_applicable_but_unusable_normalized_answer
illusionbench_10024023_4,google/gemma-4-E4B-it,illusionbench,shift,blur,unknown,valid_applicable_but_unusable_normalized_answer
illusionbench_10024026_2,google/gemma-4-E4B-it,illusionbench,shift,blank,unknown,valid_applicable_but_unusable_normalized_answer
illusionbench_10024026_2,google/gemma-4-E4B-it,illusionbench,shift,blur,unknown,valid_applicable_but_unusable_normalized_answer
illusionbench_10024035_3,google/gemma-4-E4B-it,illusionbench,shift,blank,unknown,valid_applicable_but_unusable_normalized_answer
illusionbench_10024036_2,google/gemma-4-E4B-it,illusionbench,shift,blank,unknown,valid_applicable_but_unusable_normalized_answer
illusionbench_10024038_3,google/gemma-4-E4B-it,illusionbench,shift,blank,unknown,valid_applicable_but_unusable_normalized_answer
illusionbench_10029004_3,google/gemma-4-E4B-it,illusionbench,shift,blank,unknown,valid_applicable_but_unusable_normalized_answer
illusionbench_10029017_4,google/gemma-4-E4B-it,illusionbench,shift,blank,unknown,valid_applicable_but_unusable_normalized_answer
illusionbench_10029018_3,google/gemma-4-E4B-it,illusionbench,shift,blank,unknown,valid_applicable_but_unusable_normalized_answer
illusionbench_10029019_3,google/gemma-4-E4B-it,illusionbench,shift,blank,unknown,valid_applicable_but_unusable_normalized_answer
illusionbench_10029022_4,google/gemma-4-E4B-it,illusionbench,shift,blank,unknown,valid_applicable_but_unusable_normalized_answer
illusionbench_10029030_4,google/gemma-4-E4B-it,illusionbench,shift,blank,unknown,valid_applicable_but_unusable_normalized_answer
illusionbench_10029031_4,google/gemma-4-E4B-it,illusionbench,shift,blank,unknown,valid_applicable_but_unusable_normalized_answer
illusionbench_10031017_2,google/gemma-4-E4B-it,illusionbench,shift,blank,unknown,valid_applicable_but_unusable_normalized_answer
illusionbench_10031030_3,google/gemma-4-E4B-it,illusionbench,shift,blank,unknown,valid_applicable_but_unusable_normalized_answer
illusionbench_10031031_3,google/gemma-4-E4B-it,illusionbench,shift,blank,unknown,valid_applicable_but_unusable_normalized_answer
illusionbench_10031037_3,google/gemma-4-E4B-it,illusionbench,shift,blank,unknown,valid_applicable_but_unusable_normalized_answer
illusionbench_10031039_4,google/gemma-4-E4B-it,illusionbench,shift,blank,unknown,valid_applicable_but_unusable_normalized_answer
illusionbench_10032001_2,google/gemma-4-E4B-it,illusionbench,shift,blank,unknown,valid_applicable_but_unusable_normalized_answer
illusionbench_10032002_4,google/gemma-4-E4B-it,illusionbench,shift,blank,unknown,valid_applicable_but_unusable_normalized_answer
illusionbench_10032013_4,google/gemma-4-E4B-it,illusionbench,shift,blank,unknown,valid_applicable_but_unusable_normalized_answer
illusionbench_10032014_2,google/gemma-4-E4B-it,illusionbench,shift,blank,unknown,valid_applicable_but_unusable_normalized_answer
illusionbench_10032016_4,google/gemma-4-E4B-it,illusionbench,shift,blank,unknown,valid_applicable_but_unusable_normalized_answer
illusionbench_10032030_4,google/gemma-4-E4B-it,illusionbench,shift,blank,unknown,valid_applicable_but_unusable_normalized_answer
illusionbench_10032033_3,google/gemma-4-E4B-it,illusionbench,shift,blank,unknown,valid_applicable_but_unusable_normalized_answer
illusionbench_10032040_3,google/gemma-4-E4B-it,illusionbench,shift,blank,unknown,valid_applicable_but_unusable_normalized_answer
illusionbench_10039002_4,google/gemma-4-E4B-it,illusionbench,shift,blank,unknown,valid_applicable_but_unusable_normalized_answer
illusionbench_10039006_2,google/gemma-4-E4B-it,illusionbench,shift,blank,unknown,valid_applicable_but_unusable_normalized_answer
illusionbench_10039015_2,google/gemma-4-E4B-it,illusionbench,shift,blank,unknown,valid_applicable_but_unusable_normalized_answer
illusionbench_10039015_7,google/gemma-4-E4B-it,illusionbench,shift,blank,unknown,valid_applicable_but_unusable_normalized_answer
illusionbench_10039017_3,google/gemma-4-E4B-it,illusionbench,shift,blank,unknown,valid_applicable_but_unusable_normalized_answer
illusionbench_10039018_2,google/gemma-4-E4B-it,illusionbench,shift,blank,unknown,valid_applicable_but_unusable_normalized_answer
illusionbench_10039021_2,google/gemma-4-E4B-it,illusionbench,shift,blank,unknown,valid_applicable_but_unusable_normalized_answer
illusionbench_10039024_4,google/gemma-4-E4B-it,illusionbench,shift,blank,unknown,valid_applicable_but_unusable_normalized_answer
illusionbench_10039027_2,google/gemma-4-E4B-it,illusionbench,shift,blank,unknown,valid_applicable_but_unusable_normalized_answer
illusionbench_10039032_2,google/gemma-4-E4B-it,illusionbench,shift,blank,unknown,valid_applicable_but_unusable_normalized_answer
illusionbench_10039032_3,google/gemma-4-E4B-it,illusionbench,shift,blank,unknown,valid_applicable_but_unusable_normalized_answer
illusionbench_10039034_3,google/gemma-4-E4B-it,illusionbench,shift,blank,unknown,valid_applicable_but_unusable_normalized_answer
illusionbench_10039035_3,google/gemma-4-E4B-it,illusionbench,shift,blank,unknown,valid_applicable_but_unusable_normalized_answer
illusionbench_10039035_3,google/gemma-4-E4B-it,illusionbench,shift,blur,unknown,valid_applicable_but_unusable_normalized_answer
illusionbench_10039038_3,google/gemma-4-E4B-it,illusionbench,shift,blank,unknown,valid_applicable_but_unusable_normalized_answer
illusionbench_10039039_3,google/gemma-4-E4B-it,illusionbench,shift,blank,unknown,valid_applicable_but_unusable_normalized_answer
illusionbench_10044001_2,google/gemma-4-E4B-it,illusionbench,shift,brightness,unknown,valid_applicable_but_unusable_normalized_answer
illusionbench_10044004_11,google/gemma-4-E4B-it,illusionbench,shift,blank,unknown,valid_applicable_but_unusable_normalized_answer
illusionbench_10044021_2,google/gemma-4-E4B-it,illusionbench,shift,blank,unknown,valid_applicable_but_unusable_normalized_answer
illusionbench_10044022_3,google/gemma-4-E4B-it,illusionbench,shift,blank,unknown,valid_applicable_but_unusable_normalized_answer
illusionbench_10044030_3,google/gemma-4-E4B-it,illusionbench,shift,blank,unknown,valid_applicable_but_unusable_normalized_answer
illusionbench_10044034_2,google/gemma-4-E4B-it,illusionbench,shift,blank,unknown,valid_applicable_but_unusable_normalized_answer
illusionbench_10044035_2,google/gemma-4-E4B-it,illusionbench,shift,blank,unknown,valid_applicable_but_unusable_normalized_answer
illusionbench_10044037_2,google/gemma-4-E4B-it,illusionbench,shift,blank,unknown,valid_applicable_but_unusable_normalized_answer
illusionbench_10044037_4,google/gemma-4-E4B-it,illusionbench,shift,blank,unknown,valid_applicable_but_unusable_normalized_answer
illusionbench_10044039_3,google/gemma-4-E4B-it,illusionbench,shift,blank,unknown,valid_applicable_but_unusable_normalized_answer
illusionbench_10044040_2,google/gemma-4-E4B-it,illusionbench,shift,blank,unknown,valid_applicable_but_unusable_normalized_answer
illusionbench_10045001_2,google/gemma-4-E4B-it,illusionbench,shift,blank,unknown,valid_applicable_but_unusable_normalized_answer
illusionbench_10045002_4,google/gemma-4-E4B-it,illusionbench,shift,blank,unknown,valid_applicable_but_unusable_normalized_answer
illusionbench_10045004_3,google/gemma-4-E4B-it,illusionbench,shift,blank,unknown,valid_applicable_but_unusable_normalized_answer
illusionbench_10045006_3,google/gemma-4-E4B-it,illusionbench,shift,blank,unknown,valid_applicable_but_unusable_normalized_answer
illusionbench_10045006_4,google/gemma-4-E4B-it,illusionbench,shift,blank,unknown,valid_applicable_but_unusable_normalized_answer
illusionbench_10045007_2,google/gemma-4-E4B-it,illusionbench,shift,blank,unknown,valid_applicable_but_unusable_normalized_answer
illusionbench_10045013_2,google/gemma-4-E4B-it,illusionbench,shift,blank,unknown,valid_applicable_but_unusable_normalized_answer
illusionbench_10045016_3,google/gemma-4-E4B-it,illusionbench,shift,blank,unknown,valid_applicable_but_unusable_normalized_answer
illusionbench_10045018_2,google/gemma-4-E4B-it,illusionbench,shift,blank,unknown,valid_applicable_but_unusable_normalized_answer
illusionbench_10045018_2,google/gemma-4-E4B-it,illusionbench,shift,blur,unknown,valid_applicable_but_unusable_normalized_answer
illusionbench_10045021_3,google/gemma-4-E4B-it,illusionbench,shift,brightness,unknown,valid_applicable_but_unusable_normalized_answer
illusionbench_10045021_3,google/gemma-4-E4B-it,illusionbench,shift,noise,unknown,valid_applicable_but_unusable_normalized_answer
illusionbench_10045031_4,google/gemma-4-E4B-it,illusionbench,shift,blank,unknown,valid_applicable_but_unusable_normalized_answer
illusionbench_10045037_3,google/gemma-4-E4B-it,illusionbench,shift,blank,unknown,valid_applicable_but_unusable_normalized_answer
illusionbench_10045038_3,google/gemma-4-E4B-it,illusionbench,shift,blank,unknown,valid_applicable_but_unusable_normalized_answer
illusionbench_10045039_4,google/gemma-4-E4B-it,illusionbench,shift,blank,unknown,valid_applicable_but_unusable_normalized_answer
illusionbench_10046006_2,google/gemma-4-E4B-it,illusionbench,shift,blank,unknown,valid_applicable_but_unusable_normalized_answer
illusionbench_10046007_2,google/gemma-4-E4B-it,illusionbench,shift,blank,unknown,valid_applicable_but_unusable_normalized_answer
illusionbench_10046012_4,google/gemma-4-E4B-it,illusionbench,shift,blank,unknown,valid_applicable_but_unusable_normalized_answer
illusionbench_10046015_3,google/gemma-4-E4B-it,illusionbench,shift,blank,unknown,valid_applicable_but_unusable_normalized_answer
illusionbench_10046016_2,google/gemma-4-E4B-it,illusionbench,shift,blank,unknown,valid_applicable_but_unusable_normalized_answer
illusionbench_10046025_3,google/gemma-4-E4B-it,illusionbench,shift,blank,unknown,valid_applicable_but_unusable_normalized_answer
illusionbench_10046026_4,google/gemma-4-E4B-it,illusionbench,shift,blank,unknown,valid_applicable_but_unusable_normalized_answer
illusionbench_10046028_2,google/gemma-4-E4B-it,illusionbench,shift,blank,unknown,valid_applicable_but_unusable_normalized_answer
illusionbench_10046028_3,google/gemma-4-E4B-it,illusionbench,shift,blank,unknown,valid_applicable_but_unusable_normalized_answer
illusionbench_10046029_3,google/gemma-4-E4B-it,illusionbench,shift,blank,unknown,valid_applicable_but_unusable_normalized_answer
illusionbench_10046029_4,google/gemma-4-E4B-it,illusionbench,shift,blank,unknown,valid_applicable_but_unusable_normalized_answer
illusionbench_10049001_4,google/gemma-4-E4B-it,illusionbench,shift,blank,unknown,valid_applicable_but_unusable_normalized_answer
illusionbench_10049001_4,google/gemma-4-E4B-it,illusionbench,shift,blur,unknown,valid_applicable_but_unusable_normalized_answer
illusionbench_10049005_3,google/gemma-4-E4B-it,illusionbench,shift,blank,unknown,valid_applicable_but_unusable_normalized_answer
illusionbench_10049005_3,google/gemma-4-E4B-it,illusionbench,shift,blur,unknown,valid_applicable_but_unusable_normalized_answer
illusionbench_10049007_3,google/gemma-4-E4B-it,illusionbench,shift,blank,unknown,valid_applicable_but_unusable_normalized_answer
illusionbench_10049012_4,google/gemma-4-E4B-it,illusionbench,shift,blank,unknown,valid_applicable_but_unusable_normalized_answer
illusionbench_10049018_3,google/gemma-4-E4B-it,illusionbench,shift,blank,unknown,valid_applicable_but_unusable_normalized_answer
illusionbench_10049022_13,google/gemma-4-E4B-it,illusionbench,shift,blank,unknown,valid_applicable_but_unusable_normalized_answer
illusionbench_10049022_7,google/gemma-4-E4B-it,illusionbench,shift,blank,unknown,valid_applicable_but_unusable_normalized_answer
illusionbench_10049023_2,google/gemma-4-E4B-it,illusionbench,shift,blank,unknown,valid_applicable_but_unusable_normalized_answer
illusionbench_10049024_4,google/gemma-4-E4B-it,illusionbench,shift,blank,unknown,valid_applicable_but_unusable_normalized_answer
illusionbench_10049028_2,google/gemma-4-E4B-it,illusionbench,shift,blank,unknown,valid_applicable_but_unusable_normalized_answer
illusionbench_10050023_4,google/gemma-4-E4B-it,illusionbench,shift,blank,unknown,valid_applicable_but_unusable_normalized_answer
illusionbench_10050033_3,google/gemma-4-E4B-it,illusionbench,shift,blank,unknown,valid_applicable_but_unusable_normalized_answer
illusionbench_10050036_3,google/gemma-4-E4B-it,illusionbench,shift,blank,unknown,valid_applicable_but_unusable_normalized_answer
illusionbench_10055002_3,google/gemma-4-E4B-it,illusionbench,shift,blank,unknown,valid_applicable_but_unusable_normalized_answer
illusionbench_10055011_2,google/gemma-4-E4B-it,illusionbench,shift,blank,unknown,valid_applicable_but_unusable_normalized_answer
illusionbench_10055018_4,google/gemma-4-E4B-it,illusionbench,shift,blank,unknown,valid_applicable_but_unusable_normalized_answer
illusionbench_10055018_4,google/gemma-4-E4B-it,illusionbench,shift,blur,unknown,valid_applicable_but_unusable_normalized_answer
illusionbench_10055031_2,google/gemma-4-E4B-it,illusionbench,shift,blank,unknown,valid_applicable_but_unusable_normalized_answer
illusionbench_10055036_3,google/gemma-4-E4B-it,illusionbench,shift,blank,unknown,valid_applicable_but_unusable_normalized_answer
illusionbench_10055040_3,google/gemma-4-E4B-it,illusionbench,shift,blank,unknown,valid_applicable_but_unusable_normalized_answer
illusionbench_10063003_2,google/gemma-4-E4B-it,illusionbench,shift,blank,unknown,valid_applicable_but_unusable_normalized_answer
illusionbench_10063004_4,google/gemma-4-E4B-it,illusionbench,shift,blank,unknown,valid_applicable_but_unusable_normalized_answer
illusionbench_10063007_3,google/gemma-4-E4B-it,illusionbench,shift,blank,unknown,valid_applicable_but_unusable_normalized_answer
illusionbench_10063008_3,google/gemma-4-E4B-it,illusionbench,shift,blank,unknown,valid_applicable_but_unusable_normalized_answer
illusionbench_10063009_4,google/gemma-4-E4B-it,illusionbench,shift,blank,unknown,valid_applicable_but_unusable_normalized_answer
illusionbench_10063010_2,google/gemma-4-E4B-it,illusionbench,shift,blank,unknown,valid_applicable_but_unusable_normalized_answer
illusionbench_10063010_4,google/gemma-4-E4B-it,illusionbench,shift,blank,unknown,valid_applicable_but_unusable_normalized_answer
illusionbench_10063010_9,google/gemma-4-E4B-it,illusionbench,shift,blank,unknown,valid_applicable_but_unusable_normalized_answer
illusionbench_10063012_4,google/gemma-4-E4B-it,illusionbench,shift,blank,unknown,valid_applicable_but_unusable_normalized_answer
illusionbench_10063030_2,google/gemma-4-E4B-it,illusionbench,shift,blank,unknown,valid_applicable_but_unusable_normalized_answer
illusionbench_10063035_2,google/gemma-4-E4B-it,illusionbench,shift,blank,unknown,valid_applicable_but_unusable_normalized_answer
illusionbench_10063035_2,google/gemma-4-E4B-it,illusionbench,shift,blur,unknown,valid_applicable_but_unusable_normalized_answer
illusionbench_10063036_2,google/gemma-4-E4B-it,illusionbench,shift,blank,unknown,valid_applicable_but_unusable_normalized_answer
illusionbench_10063036_4,google/gemma-4-E4B-it,illusionbench,shift,blank,unknown,valid_applicable_but_unusable_normalized_answer
illusionbench_10063038_4,google/gemma-4-E4B-it,illusionbench,shift,blank,unknown,valid_applicable_but_unusable_normalized_answer
illusionbench_10065001_4,google/gemma-4-E4B-it,illusionbench,shift,blank,unknown,valid_applicable_but_unusable_normalized_answer
illusionbench_10065002_2,google/gemma-4-E4B-it,illusionbench,shift,blank,unknown,valid_applicable_but_unusable_normalized_answer
illusionbench_10065008_2,google/gemma-4-E4B-it,illusionbench,shift,blank,unknown,valid_applicable_but_unusable_normalized_answer
illusionbench_10065008_3,google/gemma-4-E4B-it,illusionbench,shift,blank,unknown,valid_applicable_but_unusable_normalized_answer
illusionbench_10065009_2,google/gemma-4-E4B-it,illusionbench,shift,blank,unknown,valid_applicable_but_unusable_normalized_answer
illusionbench_10065017_4,google/gemma-4-E4B-it,illusionbench,shift,crop,unknown,valid_applicable_but_unusable_normalized_answer
illusionbench_10065022_2,google/gemma-4-E4B-it,illusionbench,shift,blank,unknown,valid_applicable_but_unusable_normalized_answer
illusionbench_10065022_2,google/gemma-4-E4B-it,illusionbench,shift,blur,unknown,valid_applicable_but_unusable_normalized_answer
illusionbench_10065022_4,google/gemma-4-E4B-it,illusionbench,shift,blank,unknown,valid_applicable_but_unusable_normalized_answer
illusionbench_10065026_4,google/gemma-4-E4B-it,illusionbench,shift,blank,unknown,valid_applicable_but_unusable_normalized_answer
illusionbench_10065031_2,google/gemma-4-E4B-it,illusionbench,shift,blank,unknown,valid_applicable_but_unusable_normalized_answer
illusionbench_10065034_2,google/gemma-4-E4B-it,illusionbench,shift,blank,unknown,valid_applicable_but_unusable_normalized_answer
illusionbench_10072008_3,google/gemma-4-E4B-it,illusionbench,shift,blank,unknown,valid_applicable_but_unusable_normalized_answer
illusionbench_10072009_3,google/gemma-4-E4B-it,illusionbench,shift,blank,unknown,valid_applicable_but_unusable_normalized_answer
illusionbench_10072011_2,google/gemma-4-E4B-it,illusionbench,shift,blank,unknown,valid_applicable_but_unusable_normalized_answer
illusionbench_10072016_3,google/gemma-4-E4B-it,illusionbench,shift,blank,unknown,valid_applicable_but_unusable_normalized_answer
illusionbench_10072021_2,google/gemma-4-E4B-it,illusionbench,shift,blank,unknown,valid_applicable_but_unusable_normalized_answer
illusionbench_10072022_7,google/gemma-4-E4B-it,illusionbench,shift,blank,unknown,valid_applicable_but_unusable_normalized_answer
illusionbench_10072026_2,google/gemma-4-E4B-it,illusionbench,shift,blank,unknown,valid_applicable_but_unusable_normalized_answer
illusionbench_10072026_7,google/gemma-4-E4B-it,illusionbench,shift,blank,unknown,valid_applicable_but_unusable_normalized_answer
illusionbench_10072030_2,google/gemma-4-E4B-it,illusionbench,shift,blank,unknown,valid_applicable_but_unusable_normalized_answer
illusionbench_10072030_3,google/gemma-4-E4B-it,illusionbench,shift,blank,unknown,valid_applicable_but_unusable_normalized_answer
illusionbench_10072035_2,google/gemma-4-E4B-it,illusionbench,shift,blank,unknown,valid_applicable_but_unusable_normalized_answer
illusionbench_10078011_4,google/gemma-4-E4B-it,illusionbench,shift,blank,unknown,valid_applicable_but_unusable_normalized_answer
illusionbench_10078027_4,google/gemma-4-E4B-it,illusionbench,shift,blank,unknown,valid_applicable_but_unusable_normalized_answer
illusionbench_10078031_4,google/gemma-4-E4B-it,illusionbench,shift,blank,unknown,valid_applicable_but_unusable_normalized_answer
illusionbench_10078034_4,google/gemma-4-E4B-it,illusionbench,shift,blank,unknown,valid_applicable_but_unusable_normalized_answer
illusionbench_10078036_2,google/gemma-4-E4B-it,illusionbench,shift,blank,unknown,valid_applicable_but_unusable_normalized_answer
illusionbench_10078036_2,google/gemma-4-E4B-it,illusionbench,shift,blur,unknown,valid_applicable_but_unusable_normalized_answer
illusionbench_10080005_3,google/gemma-4-E4B-it,illusionbench,shift,blank,unknown,valid_applicable_but_unusable_normalized_answer
illusionbench_10080018_3,google/gemma-4-E4B-it,illusionbench,shift,blank,unknown,valid_applicable_but_unusable_normalized_answer
illusionbench_10080026_2,google/gemma-4-E4B-it,illusionbench,shift,blank,unknown,valid_applicable_but_unusable_normalized_answer
illusionbench_10080029_4,google/gemma-4-E4B-it,illusionbench,shift,blank,unknown,valid_applicable_but_unusable_normalized_answer
illusionbench_10080031_4,google/gemma-4-E4B-it,illusionbench,shift,blank,unknown,valid_applicable_but_unusable_normalized_answer
illusionbench_10081002_3,google/gemma-4-E4B-it,illusionbench,shift,blank,unknown,valid_applicable_but_unusable_normalized_answer
illusionbench_10081005_3,google/gemma-4-E4B-it,illusionbench,shift,blank,unknown,valid_applicable_but_unusable_normalized_answer
illusionbench_10081012_2,google/gemma-4-E4B-it,illusionbench,shift,blank,unknown,valid_applicable_but_unusable_normalized_answer
illusionbench_10081013_4,google/gemma-4-E4B-it,illusionbench,shift,blank,unknown,valid_applicable_but_unusable_normalized_answer
illusionbench_10081019_3,google/gemma-4-E4B-it,illusionbench,shift,blank,unknown,valid_applicable_but_unusable_normalized_answer
illusionbench_10081028_3,google/gemma-4-E4B-it,illusionbench,shift,blank,unknown,valid_applicable_but_unusable_normalized_answer
illusionbench_10081030_3,google/gemma-4-E4B-it,illusionbench,shift,blank,unknown,valid_applicable_but_unusable_normalized_answer
illusionbench_10081037_2,google/gemma-4-E4B-it,illusionbench,shift,blank,unknown,valid_applicable_but_unusable_normalized_answer
illusionbench_10081038_4,google/gemma-4-E4B-it,illusionbench,shift,blank,unknown,valid_applicable_but_unusable_normalized_answer
illusionbench_10081040_4,google/gemma-4-E4B-it,illusionbench,shift,blank,unknown,valid_applicable_but_unusable_normalized_answer
illusionbench_10082008_4,google/gemma-4-E4B-it,illusionbench,shift,blank,unknown,valid_applicable_but_unusable_normalized_answer
illusionbench_10082009_4,google/gemma-4-E4B-it,illusionbench,shift,blank,unknown,valid_applicable_but_unusable_normalized_answer
illusionbench_10082009_4,google/gemma-4-E4B-it,illusionbench,shift,blur,unknown,valid_applicable_but_unusable_normalized_answer
illusionbench_10082018_3,google/gemma-4-E4B-it,illusionbench,shift,blank,unknown,valid_applicable_but_unusable_normalized_answer
illusionbench_10082036_3,google/gemma-4-E4B-it,illusionbench,shift,blank,unknown,valid_applicable_but_unusable_normalized_answer
illusionbench_10092015_2,google/gemma-4-E4B-it,illusionbench,shift,blank,unknown,valid_applicable_but_unusable_normalized_answer
illusionbench_10092019_4,google/gemma-4-E4B-it,illusionbench,shift,blank,unknown,valid_applicable_but_unusable_normalized_answer
illusionbench_10092031_3,google/gemma-4-E4B-it,illusionbench,shift,blank,unknown,valid_applicable_but_unusable_normalized_answer
illusionbench_10092035_2,google/gemma-4-E4B-it,illusionbench,shift,blank,unknown,valid_applicable_but_unusable_normalized_answer
illusionbench_10107006_2,google/gemma-4-E4B-it,illusionbench,shift,blank,unknown,valid_applicable_but_unusable_normalized_answer
illusionbench_10107012_3,google/gemma-4-E4B-it,illusionbench,shift,blank,unknown,valid_applicable_but_unusable_normalized_answer
illusionbench_10107033_2,google/gemma-4-E4B-it,illusionbench,shift,blank,unknown,valid_applicable_but_unusable_normalized_answer
illusionbench_10107036_2,google/gemma-4-E4B-it,illusionbench,shift,blank,unknown,valid_applicable_but_unusable_normalized_answer
illusionbench_10111017_4,google/gemma-4-E4B-it,illusionbench,shift,blank,unknown,valid_applicable_but_unusable_normalized_answer
illusionbench_10111024_3,google/gemma-4-E4B-it,illusionbench,shift,blank,unknown,valid_applicable_but_unusable_normalized_answer
illusionbench_10111025_4,google/gemma-4-E4B-it,illusionbench,shift,blank,unknown,valid_applicable_but_unusable_normalized_answer
illusionbench_10111025_4,google/gemma-4-E4B-it,illusionbench,shift,blur,unknown,valid_applicable_but_unusable_normalized_answer
illusionbench_10111027_2,google/gemma-4-E4B-it,illusionbench,shift,blank,unknown,valid_applicable_but_unusable_normalized_answer
illusionbench_10111028_4,google/gemma-4-E4B-it,illusionbench,shift,blank,unknown,valid_applicable_but_unusable_normalized_answer
illusionbench_10111035_2,google/gemma-4-E4B-it,illusionbench,shift,blank,unknown,valid_applicable_but_unusable_normalized_answer
illusionbench_10116009_3,google/gemma-4-E4B-it,illusionbench,shift,blank,unknown,valid_applicable_but_unusable_normalized_answer
illusionbench_10116011_3,google/gemma-4-E4B-it,illusionbench,shift,blank,unknown,valid_applicable_but_unusable_normalized_answer
illusionbench_10116012_2,google/gemma-4-E4B-it,illusionbench,shift,blank,unknown,valid_applicable_but_unusable_normalized_answer
illusionbench_10116024_4,google/gemma-4-E4B-it,illusionbench,shift,blank,unknown,valid_applicable_but_unusable_normalized_answer
illusionbench_10116024_4,google/gemma-4-E4B-it,illusionbench,shift,blur,unknown,valid_applicable_but_unusable_normalized_answer
illusionbench_10116025_3,google/gemma-4-E4B-it,illusionbench,shift,blank,unknown,valid_applicable_but_unusable_normalized_answer
illusionbench_10116027_3,google/gemma-4-E4B-it,illusionbench,shift,blank,unknown,valid_applicable_but_unusable_normalized_answer
illusionbench_10116028_4,google/gemma-4-E4B-it,illusionbench,shift,blank,unknown,valid_applicable_but_unusable_normalized_answer
illusionbench_10116028_4,google/gemma-4-E4B-it,illusionbench,shift,blur,unknown,valid_applicable_but_unusable_normalized_answer
illusionbench_10116028_4,google/gemma-4-E4B-it,illusionbench,shift,crop,unknown,valid_applicable_but_unusable_normalized_answer
illusionbench_10116028_4,google/gemma-4-E4B-it,illusionbench,shift,brightness,unknown,valid_applicable_but_unusable_normalized_answer
illusionbench_10116034_4,google/gemma-4-E4B-it,illusionbench,shift,blank,unknown,valid_applicable_but_unusable_normalized_answer
illusionbench_10116035_4,google/gemma-4-E4B-it,illusionbench,shift,blank,unknown,valid_applicable_but_unusable_normalized_answer
illusionbench_10116038_3,google/gemma-4-E4B-it,illusionbench,shift,blank,unknown,valid_applicable_but_unusable_normalized_answer
illusionbench_10118001_3,google/gemma-4-E4B-it,illusionbench,shift,blank,unknown,valid_applicable_but_unusable_normalized_answer
illusionbench_10118009_3,google/gemma-4-E4B-it,illusionbench,shift,blank,unknown,valid_applicable_but_unusable_normalized_answer
illusionbench_10118031_2,google/gemma-4-E4B-it,illusionbench,shift,blank,unknown,valid_applicable_but_unusable_normalized_answer
illusionbench_10123008_7,google/gemma-4-E4B-it,illusionbench,shift,blank,unknown,valid_applicable_but_unusable_normalized_answer
illusionbench_10123013_4,google/gemma-4-E4B-it,illusionbench,shift,blank,unknown,valid_applicable_but_unusable_normalized_answer
illusionbench_10123028_3,google/gemma-4-E4B-it,illusionbench,shift,blank,unknown,valid_applicable_but_unusable_normalized_answer
illusionbench_10125009_4,google/gemma-4-E4B-it,illusionbench,shift,blank,unknown,valid_applicable_but_unusable_normalized_answer
illusionbench_10125009_4,google/gemma-4-E4B-it,illusionbench,shift,blur,unknown,valid_applicable_but_unusable_normalized_answer
illusionbench_10125017_3,google/gemma-4-E4B-it,illusionbench,shift,blank,unknown,valid_applicable_but_unusable_normalized_answer
illusionbench_10125037_2,google/gemma-4-E4B-it,illusionbench,shift,blank,unknown,valid_applicable_but_unusable_normalized_answer
illusionbench_10125038_4,google/gemma-4-E4B-it,illusionbench,shift,blank,unknown,valid_applicable_but_unusable_normalized_answer
illusionbench_10125039_4,google/gemma-4-E4B-it,illusionbench,shift,blank,unknown,valid_applicable_but_unusable_normalized_answer
illusionbench_10201007_3,google/gemma-4-E4B-it,illusionbench,shift,blank,unknown,valid_applicable_but_unusable_normalized_answer
illusionbench_10201013_2,google/gemma-4-E4B-it,illusionbench,shift,blank,unknown,valid_applicable_but_unusable_normalized_answer
illusionbench_10201016_4,google/gemma-4-E4B-it,illusionbench,shift,blank,unknown,valid_applicable_but_unusable_normalized_answer
illusionbench_10201020_4,google/gemma-4-E4B-it,illusionbench,shift,blank,unknown,valid_applicable_but_unusable_normalized_answer
illusionbench_10201028_2,google/gemma-4-E4B-it,illusionbench,shift,blank,unknown,valid_applicable_but_unusable_normalized_answer
illusionbench_10243006_3,google/gemma-4-E4B-it,illusionbench,shift,blank,unknown,valid_applicable_but_unusable_normalized_answer
illusionbench_10243018_4,google/gemma-4-E4B-it,illusionbench,shift,blank,unknown,valid_applicable_but_unusable_normalized_answer
illusionbench_10243023_2,google/gemma-4-E4B-it,illusionbench,shift,blank,unknown,valid_applicable_but_unusable_normalized_answer
illusionbench_10243024_2,google/gemma-4-E4B-it,illusionbench,shift,blank,unknown,valid_applicable_but_unusable_normalized_answer
illusionbench_10243024_3,google/gemma-4-E4B-it,illusionbench,shift,blank,unknown,valid_applicable_but_unusable_normalized_answer
illusionbench_10243030_4,google/gemma-4-E4B-it,illusionbench,shift,blank,unknown,valid_applicable_but_unusable_normalized_answer
prehal_1000016_27611eb4682a84a3_1143,google/gemma-4-E4B-it,prehal,shift,blank,unknown,valid_applicable_but_unusable_normalized_answer
prehal_1000016_27611eb4682a84a3_1143,google/gemma-4-E4B-it,prehal,shift,blur,unknown,valid_applicable_but_unusable_normalized_answer
prehal_1000016_27611eb4682a84a3_1143,google/gemma-4-E4B-it,prehal,shift,crop,unknown,valid_applicable_but_unusable_normalized_answer
prehal_1000022_598324c8b911909c_1146,google/gemma-4-E4B-it,prehal,shift,blank,unknown,valid_applicable_but_unusable_normalized_answer
prehal_1000092_407cf273892efe43_1181,google/gemma-4-E4B-it,prehal,shift,blank,unknown,valid_applicable_but_unusable_normalized_answer
prehal_1000162_7cbb59263c1508e7_1213,google/gemma-4-E4B-it,prehal,shift,blank,unknown,valid_applicable_but_unusable_normalized_answer
prehal_1000334_a64a893751e22a64_1245,google/gemma-4-E4B-it,prehal,shift,blank,unknown,valid_applicable_but_unusable_normalized_answer
prehal_1000334_a64a893751e22a64_1245,google/gemma-4-E4B-it,prehal,shift,blur,unknown,valid_applicable_but_unusable_normalized_answer
prehal_1000334_a64a893751e22a64_1245,google/gemma-4-E4B-it,prehal,shift,crop,unknown,valid_applicable_but_unusable_normalized_answer
prehal_1000334_a64a893751e22a64_1245,google/gemma-4-E4B-it,prehal,shift,brightness,unknown,valid_applicable_but_unusable_normalized_answer
prehal_1000334_a64a893751e22a64_1245,google/gemma-4-E4B-it,prehal,shift,noise,unknown,valid_applicable_but_unusable_normalized_answer
prehal_1000349_d56b2f388f1a25ae_1253,google/gemma-4-E4B-it,prehal,shift,blank,unknown,valid_applicable_but_unusable_normalized_answer
prehal_1000355_421719d5251e2924_962,google/gemma-4-E4B-it,prehal,shift,blank,unknown,valid_applicable_but_unusable_normalized_answer
prehal_1000355_421719d5251e2924_962,google/gemma-4-E4B-it,prehal,shift,blur,unknown,valid_applicable_but_unusable_normalized_answer
prehal_1000471_cb092bd0ab35b5cd_1067,google/gemma-4-E4B-it,prehal,shift,blank,unknown,valid_applicable_but_unusable_normalized_answer
prehal_1000471_cb092bd0ab35b5cd_1067,google/gemma-4-E4B-it,prehal,shift,blur,unknown,valid_applicable_but_unusable_normalized_answer
prehal_1000520_9c8c80b08114a746_1273,google/gemma-4-E4B-it,prehal,shift,blank,unknown,valid_applicable_but_unusable_normalized_answer
prehal_1000529_365dea899cd1d53d_1278,google/gemma-4-E4B-it,prehal,shift,blank,unknown,valid_applicable_but_unusable_normalized_answer
prehal_1000536_adf309d949413533_1282,google/gemma-4-E4B-it,prehal,shift,blank,unknown,valid_applicable_but_unusable_normalized_answer
prehal_1000536_adf309d949413533_1282,google/gemma-4-E4B-it,prehal,shift,blur,unknown,valid_applicable_but_unusable_normalized_answer
prehal_1000544_e4f266a51f58f8ae_1285,google/gemma-4-E4B-it,prehal,shift,blank,unknown,valid_applicable_but_unusable_normalized_answer
prehal_1000555_f267d33704e9e37f_1290,google/gemma-4-E4B-it,prehal,shift,blank,unknown,valid_applicable_but_unusable_normalized_answer
prehal_1000555_f267d33704e9e37f_1290,google/gemma-4-E4B-it,prehal,shift,noise,unknown,valid_applicable_but_unusable_normalized_answer
prehal_1000607_2d358dd2c8e2b09a_1069,google/gemma-4-E4B-it,prehal,shift,blank,unknown,valid_applicable_but_unusable_normalized_answer
prehal_1000620_5bd554ce5ffff460_1320,google/gemma-4-E4B-it,prehal,shift,blank,unknown,valid_applicable_but_unusable_normalized_answer
prehal_1000635_64ec1592b09f0150_1329,google/gemma-4-E4B-it,prehal,shift,blank,unknown,valid_applicable_but_unusable_normalized_answer
prehal_1000655_2091da9d7b42d655_1340,google/gemma-4-E4B-it,prehal,shift,blank,unknown,valid_applicable_but_unusable_normalized_answer
prehal_1000655_2091da9d7b42d655_1340,google/gemma-4-E4B-it,prehal,shift,blur,unknown,valid_applicable_but_unusable_normalized_answer
prehal_1000688_675032b4e4384388_1360,google/gemma-4-E4B-it,prehal,shift,blank,unknown,valid_applicable_but_unusable_normalized_answer
prehal_1000714_e44b362d78f16af2_1375,google/gemma-4-E4B-it,prehal,shift,blank,unknown,valid_applicable_but_unusable_normalized_answer
prehal_1000714_e44b362d78f16af2_1375,google/gemma-4-E4B-it,prehal,shift,blur,unknown,valid_applicable_but_unusable_normalized_answer
prehal_1000722_8ff4f34281e1809d_1381,google/gemma-4-E4B-it,prehal,shift,blank,unknown,valid_applicable_but_unusable_normalized_answer
prehal_1000724_8280c5c02967bb8d_1383,google/gemma-4-E4B-it,prehal,shift,blank,unknown,valid_applicable_but_unusable_normalized_answer
prehal_1000762_e3e3a32b64c074e9_1398,google/gemma-4-E4B-it,prehal,shift,blank,unknown,valid_applicable_but_unusable_normalized_answer
prehal_1000762_e3e3a32b64c074e9_1398,google/gemma-4-E4B-it,prehal,shift,blur,unknown,valid_applicable_but_unusable_normalized_answer
prehal_1000782_bdcf91658def7ba5_1407,google/gemma-4-E4B-it,prehal,shift,blank,unknown,valid_applicable_but_unusable_normalized_answer
prehal_1000796_c756434267b1d7c9_1414,google/gemma-4-E4B-it,prehal,shift,blank,unknown,valid_applicable_but_unusable_normalized_answer
prehal_1000805_c3a48b26ce6f9ba7_1421,google/gemma-4-E4B-it,prehal,shift,blank,unknown,valid_applicable_but_unusable_normalized_answer
prehal_1000810_76850c81623e5a60_1423,google/gemma-4-E4B-it,prehal,shift,blank,unknown,valid_applicable_but_unusable_normalized_answer
prehal_1000826_da9fbb23550ab254_1429,google/gemma-4-E4B-it,prehal,shift,blank,unknown,valid_applicable_but_unusable_normalized_answer
prehal_1000848_7dc7597b6d452f76_1431,google/gemma-4-E4B-it,prehal,shift,blank,unknown,valid_applicable_but_unusable_normalized_answer
prehal_1000879_82f3820f7506974a_1445,google/gemma-4-E4B-it,prehal,shift,blank,unknown,valid_applicable_but_unusable_normalized_answer
prehal_1000884_38319b643ac60aa4_1447,google/gemma-4-E4B-it,prehal,shift,blank,unknown,valid_applicable_but_unusable_normalized_answer
prehal_1000924_fe3cf9e519f4f250_1465,google/gemma-4-E4B-it,prehal,shift,blank,unknown,valid_applicable_but_unusable_normalized_answer
prehal_1000924_fe3cf9e519f4f250_1465,google/gemma-4-E4B-it,prehal,shift,crop,unknown,valid_applicable_but_unusable_normalized_answer
prehal_1000961_a1bc753f76822620_1474,google/gemma-4-E4B-it,prehal,shift,blank,unknown,valid_applicable_but_unusable_normalized_answer
prehal_1000981_bd481bafc1cc56ff_1482,google/gemma-4-E4B-it,prehal,shift,blank,unknown,valid_applicable_but_unusable_normalized_answer
prehal_1000981_bd481bafc1cc56ff_1482,google/gemma-4-E4B-it,prehal,shift,blur,unknown,valid_applicable_but_unusable_normalized_answer
prehal_1001001_8fea88209d32f616_1493,google/gemma-4-E4B-it,prehal,shift,blank,unknown,valid_applicable_but_unusable_normalized_answer
prehal_1001061_8f27e59fe888219d_1517,google/gemma-4-E4B-it,prehal,shift,blank,unknown,valid_applicable_but_unusable_normalized_answer
prehal_1001078_7a64582e3e077b50_1527,google/gemma-4-E4B-it,prehal,shift,blank,unknown,valid_applicable_but_unusable_normalized_answer
prehal_1001083_fbf49e178c7c9bcf_1529,google/gemma-4-E4B-it,prehal,shift,blank,unknown,valid_applicable_but_unusable_normalized_answer
prehal_1001155_3eb81590063c3957_1540,google/gemma-4-E4B-it,prehal,shift,blank,unknown,valid_applicable_but_unusable_normalized_answer
prehal_1001166_3921a99d8f1c5d98_1548,google/gemma-4-E4B-it,prehal,shift,blank,unknown,valid_applicable_but_unusable_normalized_answer
prehal_1001174_36bf780589b52474_1555,google/gemma-4-E4B-it,prehal,shift,blank,unknown,valid_applicable_but_unusable_normalized_answer
prehal_1001334_fd4e581ef29d3b40_1600,google/gemma-4-E4B-it,prehal,shift,blank,unknown,valid_applicable_but_unusable_normalized_answer
prehal_1001370_c1d27ae985d9a48f_1623,google/gemma-4-E4B-it,prehal,shift,blank,unknown,valid_applicable_but_unusable_normalized_answer
prehal_1001414_bab3e50efc11ba11_1652,google/gemma-4-E4B-it,prehal,shift,blank,unknown,valid_applicable_but_unusable_normalized_answer
prehal_1001425_79b61c6487de1abb_1657,google/gemma-4-E4B-it,prehal,shift,blank,unknown,valid_applicable_but_unusable_normalized_answer
prehal_1001426_7f8bbb025b3bf4b0_1658,google/gemma-4-E4B-it,prehal,shift,blank,unknown,valid_applicable_but_unusable_normalized_answer
prehal_1001431_c3ed931527384668_1661,google/gemma-4-E4B-it,prehal,shift,blank,unknown,valid_applicable_but_unusable_normalized_answer
prehal_1001467_a2bad8118733a1e9_1683,google/gemma-4-E4B-it,prehal,shift,blank,unknown,valid_applicable_but_unusable_normalized_answer
prehal_1001555_061c1eb6f8dcad52_1126,google/gemma-4-E4B-it,prehal,shift,blank,unknown,valid_applicable_but_unusable_normalized_answer
prehal_1001595_efa2864b8c85829f_1721,google/gemma-4-E4B-it,prehal,shift,blank,unknown,valid_applicable_but_unusable_normalized_answer
prehal_1001754_766253af2d1e124e_1792,google/gemma-4-E4B-it,prehal,shift,blank,unknown,valid_applicable_but_unusable_normalized_answer
prehal_1001783_0b24f53d0e300aed_1804,google/gemma-4-E4B-it,prehal,shift,blank,unknown,valid_applicable_but_unusable_normalized_answer
prehal_1001897_f8d25f20b68ddff5_1842,google/gemma-4-E4B-it,prehal,shift,blank,unknown,valid_applicable_but_unusable_normalized_answer
prehal_1001904_8a9d9256272c50d2_1847,google/gemma-4-E4B-it,prehal,shift,blank,unknown,valid_applicable_but_unusable_normalized_answer
prehal_1001925_06e24353e290c649_1864,google/gemma-4-E4B-it,prehal,shift,blank,unknown,valid_applicable_but_unusable_normalized_answer
prehal_1001936_4c35d507c9392856_1869,google/gemma-4-E4B-it,prehal,shift,blank,unknown,valid_applicable_but_unusable_normalized_answer
prehal_1001950_89f6770212ea2282_1879,google/gemma-4-E4B-it,prehal,shift,blank,unknown,valid_applicable_but_unusable_normalized_answer
prehal_1001988_1679e2696182a601_1905,google/gemma-4-E4B-it,prehal,shift,blank,unknown,valid_applicable_but_unusable_normalized_answer
prehal_103_fed89df5e283551e_3649,google/gemma-4-E4B-it,prehal,shift,blank,unknown,valid_applicable_but_unusable_normalized_answer
prehal_103_fed89df5e283551e_3649,google/gemma-4-E4B-it,prehal,shift,blur,unknown,valid_applicable_but_unusable_normalized_answer
prehal_1139_86efe54041ca1d28_576,google/gemma-4-E4B-it,prehal,shift,blank,unknown,valid_applicable_but_unusable_normalized_answer
prehal_1139_86efe54041ca1d28_576,google/gemma-4-E4B-it,prehal,shift,blur,unknown,valid_applicable_but_unusable_normalized_answer
prehal_1150_e990863cdf1b5359_582,google/gemma-4-E4B-it,prehal,shift,blank,unknown,valid_applicable_but_unusable_normalized_answer
prehal_1154_e429b00b5dbddb63_584,google/gemma-4-E4B-it,prehal,shift,blank,unknown,valid_applicable_but_unusable_normalized_answer
prehal_1160_4aad382d4d8a4a11_590,google/gemma-4-E4B-it,prehal,shift,blank,unknown,valid_applicable_but_unusable_normalized_answer
prehal_1160_4aad382d4d8a4a11_590,google/gemma-4-E4B-it,prehal,shift,blur,unknown,valid_applicable_but_unusable_normalized_answer
prehal_1171_7d699c7c6fc37c89_597,google/gemma-4-E4B-it,prehal,shift,blank,unknown,valid_applicable_but_unusable_normalized_answer
prehal_1174_59d60970984d667e_600,google/gemma-4-E4B-it,prehal,shift,blank,unknown,valid_applicable_but_unusable_normalized_answer
prehal_1175_08dea8f3eebd8140_601,google/gemma-4-E4B-it,prehal,shift,blank,unknown,valid_applicable_but_unusable_normalized_answer
prehal_123_ae0f09f65432a349_3669,google/gemma-4-E4B-it,prehal,shift,blank,unknown,valid_applicable_but_unusable_normalized_answer
prehal_1284_363421aebec7f99d_610,google/gemma-4-E4B-it,prehal,shift,blank,unknown,valid_applicable_but_unusable_normalized_answer
prehal_134_6e11e105c9ca6808_3680,google/gemma-4-E4B-it,prehal,shift,blank,unknown,valid_applicable_but_unusable_normalized_answer
prehal_134_6e11e105c9ca6808_3680,google/gemma-4-E4B-it,prehal,shift,blur,unknown,valid_applicable_but_unusable_normalized_answer
prehal_1389_5ea0caa3fba9ef05_678,google/gemma-4-E4B-it,prehal,shift,blank,unknown,valid_applicable_but_unusable_normalized_answer
prehal_1432_600e0dce655105e1_707,google/gemma-4-E4B-it,prehal,shift,blank,unknown,valid_applicable_but_unusable_normalized_answer
prehal_1458_fb4b22d329ce26a3_722,google/gemma-4-E4B-it,prehal,shift,blank,unknown,valid_applicable_but_unusable_normalized_answer
prehal_1597_198fe1be15700b91_767,google/gemma-4-E4B-it,prehal,shift,blank,unknown,valid_applicable_but_unusable_normalized_answer
prehal_174_ec101a10937af2d3_3720,google/gemma-4-E4B-it,prehal,shift,blank,unknown,valid_applicable_but_unusable_normalized_answer
prehal_1805_383b23bf7299b359_863,google/gemma-4-E4B-it,prehal,shift,blank,unknown,valid_applicable_but_unusable_normalized_answer
prehal_1813_e7236a62efd32a85_868,google/gemma-4-E4B-it,prehal,shift,blank,unknown,valid_applicable_but_unusable_normalized_answer
prehal_1823_fb94969b664bca21_874,google/gemma-4-E4B-it,prehal,shift,blank,unknown,valid_applicable_but_unusable_normalized_answer
prehal_1824_918dd27450447403_875,google/gemma-4-E4B-it,prehal,shift,blank,unknown,valid_applicable_but_unusable_normalized_answer
prehal_184_0bed5088366cc778_3730,google/gemma-4-E4B-it,prehal,shift,blank,unknown,valid_applicable_but_unusable_normalized_answer
prehal_1905_4e06e2132885f9d7_893,google/gemma-4-E4B-it,prehal,shift,blank,unknown,valid_applicable_but_unusable_normalized_answer
prehal_1935_9de292bb98587a56_913,google/gemma-4-E4B-it,prehal,shift,blank,unknown,valid_applicable_but_unusable_normalized_answer
prehal_1953_5680f9d0b942799e_927,google/gemma-4-E4B-it,prehal,shift,blank,unknown,valid_applicable_but_unusable_normalized_answer
prehal_196_aa219efe1071a3b0_3742,google/gemma-4-E4B-it,prehal,shift,blank,unknown,valid_applicable_but_unusable_normalized_answer
prehal_2000016_b04713093e57b2ad_2016,google/gemma-4-E4B-it,prehal,shift,blank,unknown,valid_applicable_but_unusable_normalized_answer
prehal_2000016_b04713093e57b2ad_2016,google/gemma-4-E4B-it,prehal,shift,blur,unknown,valid_applicable_but_unusable_normalized_answer
prehal_2000016_b04713093e57b2ad_2016,google/gemma-4-E4B-it,prehal,shift,crop,unknown,valid_applicable_but_unusable_normalized_answer
prehal_2000067_164d3fcf97fce76b_2039,google/gemma-4-E4B-it,prehal,shift,blank,unknown,valid_applicable_but_unusable_normalized_answer
prehal_2000070_98d398b77c084aba_2042,google/gemma-4-E4B-it,prehal,shift,blank,unknown,valid_applicable_but_unusable_normalized_answer
prehal_2000095_e60571f43fe3d942_2056,google/gemma-4-E4B-it,prehal,shift,blank,unknown,valid_applicable_but_unusable_normalized_answer
prehal_2000184_b373e6e756e925c1_2093,google/gemma-4-E4B-it,prehal,shift,blank,unknown,valid_applicable_but_unusable_normalized_answer
prehal_2000184_b373e6e756e925c1_2093,google/gemma-4-E4B-it,prehal,shift,blur,unknown,valid_applicable_but_unusable_normalized_answer
prehal_2000559_11ed60dea5e16bcc_2170,google/gemma-4-E4B-it,prehal,shift,blank,unknown,valid_applicable_but_unusable_normalized_answer
prehal_2000631_a853eca5b2cddca0_2203,google/gemma-4-E4B-it,prehal,shift,blank,unknown,valid_applicable_but_unusable_normalized_answer
prehal_2000657_fadea6ba7dd2e1bb_2220,google/gemma-4-E4B-it,prehal,shift,blank,unknown,valid_applicable_but_unusable_normalized_answer
prehal_2000693_76ef1e833ff355de_2242,google/gemma-4-E4B-it,prehal,shift,blank,unknown,valid_applicable_but_unusable_normalized_answer
prehal_2000803_3b9ae084aa41a86f_2297,google/gemma-4-E4B-it,prehal,shift,blank,unknown,valid_applicable_but_unusable_normalized_answer
prehal_2000884_5b5653a7c5cb1eb3_2325,google/gemma-4-E4B-it,prehal,shift,blank,unknown,valid_applicable_but_unusable_normalized_answer
prehal_2000958_df90745c2445417c_2349,google/gemma-4-E4B-it,prehal,shift,blank,unknown,valid_applicable_but_unusable_normalized_answer
prehal_2000963_a932e3f82a5c108d_2354,google/gemma-4-E4B-it,prehal,shift,blank,unknown,valid_applicable_but_unusable_normalized_answer
prehal_2000973_b9a801241ee45260_2357,google/gemma-4-E4B-it,prehal,shift,blank,unknown,valid_applicable_but_unusable_normalized_answer
prehal_2000988_49c930c6e9518758_2366,google/gemma-4-E4B-it,prehal,shift,blank,unknown,valid_applicable_but_unusable_normalized_answer
prehal_2000988_49c930c6e9518758_2366,google/gemma-4-E4B-it,prehal,shift,blur,unknown,valid_applicable_but_unusable_normalized_answer
prehal_2001067_3af003acb8692395_2399,google/gemma-4-E4B-it,prehal,shift,blank,unknown,valid_applicable_but_unusable_normalized_answer
prehal_2001144_1bd7cd8444c29ceb_2411,google/gemma-4-E4B-it,prehal,shift,blank,unknown,valid_applicable_but_unusable_normalized_answer
prehal_2001157_247e78ee8e6be93a_2420,google/gemma-4-E4B-it,prehal,shift,blank,unknown,valid_applicable_but_unusable_normalized_answer
prehal_2001173_9c39adaf3500a5d8_2432,google/gemma-4-E4B-it,prehal,shift,blank,unknown,valid_applicable_but_unusable_normalized_answer
prehal_2001335_8e764f86b5816c23_2479,google/gemma-4-E4B-it,prehal,shift,blank,unknown,valid_applicable_but_unusable_normalized_answer
prehal_2001346_1ba60b1b306b7ad8_2485,google/gemma-4-E4B-it,prehal,shift,blank,unknown,valid_applicable_but_unusable_normalized_answer
prehal_2001387_82409c3be14d0f9e_2509,google/gemma-4-E4B-it,prehal,shift,blank,unknown,valid_applicable_but_unusable_normalized_answer
prehal_2001425_a4d7232f34afc69c_2535,google/gemma-4-E4B-it,prehal,shift,blank,unknown,valid_applicable_but_unusable_normalized_answer
prehal_2001438_f95f9046ff505363_2543,google/gemma-4-E4B-it,prehal,shift,blank,unknown,valid_applicable_but_unusable_normalized_answer
prehal_2001438_f95f9046ff505363_2543,google/gemma-4-E4B-it,prehal,shift,blur,unknown,valid_applicable_but_unusable_normalized_answer
prehal_2001438_f95f9046ff505363_2543,google/gemma-4-E4B-it,prehal,shift,brightness,unknown,valid_applicable_but_unusable_normalized_answer
prehal_2001444_f44c455774ef9135_2546,google/gemma-4-E4B-it,prehal,shift,blank,unknown,valid_applicable_but_unusable_normalized_answer
prehal_2001459_fbb36f19680f25c1_2556,google/gemma-4-E4B-it,prehal,shift,blank,unknown,valid_applicable_but_unusable_normalized_answer
prehal_2001459_fbb36f19680f25c1_2556,google/gemma-4-E4B-it,prehal,shift,blur,unknown,valid_applicable_but_unusable_normalized_answer
prehal_2001459_fbb36f19680f25c1_2556,google/gemma-4-E4B-it,prehal,shift,brightness,unknown,valid_applicable_but_unusable_normalized_answer
prehal_2001487_c327087c4d5a31aa_2573,google/gemma-4-E4B-it,prehal,shift,blank,unknown,valid_applicable_but_unusable_normalized_answer
prehal_2001538_567254c5c9abbcbe_2581,google/gemma-4-E4B-it,prehal,shift,blank,unknown,valid_applicable_but_unusable_normalized_answer
prehal_2001563_303c6c8a20369ec4_2002,google/gemma-4-E4B-it,prehal,shift,blank,unknown,valid_applicable_but_unusable_normalized_answer
prehal_2001632_6a2a90d812d37f45_2621,google/gemma-4-E4B-it,prehal,shift,blank,unknown,valid_applicable_but_unusable_normalized_answer
prehal_2001632_6a2a90d812d37f45_2621,google/gemma-4-E4B-it,prehal,shift,blur,unknown,valid_applicable_but_unusable_normalized_answer
prehal_2001632_6a2a90d812d37f45_2621,google/gemma-4-E4B-it,prehal,shift,crop,unknown,valid_applicable_but_unusable_normalized_answer
prehal_2001738_3e9cbf6a655dbb24_2659,google/gemma-4-E4B-it,prehal,shift,blank,unknown,valid_applicable_but_unusable_normalized_answer
prehal_2001781_680cc8c5a5db718a_2681,google/gemma-4-E4B-it,prehal,shift,blank,unknown,valid_applicable_but_unusable_normalized_answer
prehal_2001813_867cd0ecc74fb9a5_2701,google/gemma-4-E4B-it,prehal,shift,blank,unknown,valid_applicable_but_unusable_normalized_answer
prehal_2001931_5902ffb8a09c4ff7_2745,google/gemma-4-E4B-it,prehal,shift,blank,unknown,valid_applicable_but_unusable_normalized_answer
prehal_2001945_95e5db133be54da2_2753,google/gemma-4-E4B-it,prehal,shift,blank,unknown,valid_applicable_but_unusable_normalized_answer
prehal_2001962_9e35e8d546bf38ea_2765,google/gemma-4-E4B-it,prehal,shift,blank,unknown,valid_applicable_but_unusable_normalized_answer
prehal_204_5f98457d716b4ea5_274,google/gemma-4-E4B-it,prehal,shift,blank,unknown,valid_applicable_but_unusable_normalized_answer
prehal_211_b14e6a68fe573534_3757,google/gemma-4-E4B-it,prehal,shift,blank,unknown,valid_applicable_but_unusable_normalized_answer
prehal_21_d489e6c8c317a58b_3567,google/gemma-4-E4B-it,prehal,shift,blank,unknown,valid_applicable_but_unusable_normalized_answer
prehal_242_de713e5e569d58ca_3788,google/gemma-4-E4B-it,prehal,shift,blank,unknown,valid_applicable_but_unusable_normalized_answer
prehal_25_1fef1290d9c6cf14_193,google/gemma-4-E4B-it,prehal,shift,blank,unknown,valid_applicable_but_unusable_normalized_answer
prehal_25_1fef1290d9c6cf14_193,google/gemma-4-E4B-it,prehal,shift,blur,unknown,valid_applicable_but_unusable_normalized_answer
prehal_26_6facb51a3ec29baa_3572,google/gemma-4-E4B-it,prehal,shift,blank,unknown,valid_applicable_but_unusable_normalized_answer
prehal_26_6facb51a3ec29baa_3572,google/gemma-4-E4B-it,prehal,shift,blur,unknown,valid_applicable_but_unusable_normalized_answer
prehal_279_84ab524fccd60a2f_3825,google/gemma-4-E4B-it,prehal,shift,blank,unknown,valid_applicable_but_unusable_normalized_answer
prehal_295_8b7c13aa017875b8_7,google/gemma-4-E4B-it,prehal,shift,blank,unknown,valid_applicable_but_unusable_normalized_answer
prehal_3000022_632c05553b94db59_2794,google/gemma-4-E4B-it,prehal,shift,blank,unknown,valid_applicable_but_unusable_normalized_answer
prehal_3000072_be6b48806dc84a2a_2818,google/gemma-4-E4B-it,prehal,shift,blank,unknown,valid_applicable_but_unusable_normalized_answer
prehal_3000167_bcc6deccb5dc32b8_2863,google/gemma-4-E4B-it,prehal,shift,blank,unknown,valid_applicable_but_unusable_normalized_answer
prehal_3000174_a92e31eeea95367b_2865,google/gemma-4-E4B-it,prehal,shift,blank,unknown,valid_applicable_but_unusable_normalized_answer
prehal_3000303_c6797eb2bda11e9a_2887,google/gemma-4-E4B-it,prehal,shift,blank,unknown,valid_applicable_but_unusable_normalized_answer
prehal_3000491_c4397c5c79d57a16_2907,google/gemma-4-E4B-it,prehal,shift,blank,unknown,valid_applicable_but_unusable_normalized_answer
prehal_3000555_b2568bf0cc0d4d21_2931,google/gemma-4-E4B-it,prehal,shift,blank,unknown,valid_applicable_but_unusable_normalized_answer
prehal_3000559_db77caad1e0dfdc0_2933,google/gemma-4-E4B-it,prehal,shift,blank,unknown,valid_applicable_but_unusable_normalized_answer
prehal_3000602_9a093c7bee616e4c_2955,google/gemma-4-E4B-it,prehal,shift,blank,unknown,valid_applicable_but_unusable_normalized_answer
prehal_3000635_fd4d0b2254a3109f_2970,google/gemma-4-E4B-it,prehal,shift,blank,unknown,valid_applicable_but_unusable_normalized_answer
prehal_3000711_ec61362e2f5794e9_3014,google/gemma-4-E4B-it,prehal,shift,blank,unknown,valid_applicable_but_unusable_normalized_answer
prehal_3000711_ec61362e2f5794e9_3014,google/gemma-4-E4B-it,prehal,shift,blur,unknown,valid_applicable_but_unusable_normalized_answer
prehal_3000723_e52c4190666e3b1a_3023,google/gemma-4-E4B-it,prehal,shift,blank,unknown,valid_applicable_but_unusable_normalized_answer
prehal_3000750_1cfc70b8b3e9f6bb_3034,google/gemma-4-E4B-it,prehal,shift,blank,unknown,valid_applicable_but_unusable_normalized_answer
prehal_3000762_7034b40487ef63e8_3039,google/gemma-4-E4B-it,prehal,shift,blank,unknown,valid_applicable_but_unusable_normalized_answer
prehal_3000762_7034b40487ef63e8_3039,google/gemma-4-E4B-it,prehal,shift,blur,unknown,valid_applicable_but_unusable_normalized_answer
prehal_3000804_01d27433aee23537_3061,google/gemma-4-E4B-it,prehal,shift,blank,unknown,valid_applicable_but_unusable_normalized_answer
prehal_3000870_64d694b040a8c12a_3083,google/gemma-4-E4B-it,prehal,shift,blank,unknown,valid_applicable_but_unusable_normalized_answer
prehal_3000870_64d694b040a8c12a_3083,google/gemma-4-E4B-it,prehal,shift,blur,unknown,valid_applicable_but_unusable_normalized_answer
prehal_3000879_0918a1fcee23c0ae_3086,google/gemma-4-E4B-it,prehal,shift,blank,unknown,valid_applicable_but_unusable_normalized_answer
prehal_3000890_ee06f687b7b0f4fd_3092,google/gemma-4-E4B-it,prehal,shift,blank,unknown,valid_applicable_but_unusable_normalized_answer
prehal_3000890_ee06f687b7b0f4fd_3092,google/gemma-4-E4B-it,prehal,shift,blur,unknown,valid_applicable_but_unusable_normalized_answer
prehal_3000890_ee06f687b7b0f4fd_3092,google/gemma-4-E4B-it,prehal,shift,brightness,unknown,valid_applicable_but_unusable_normalized_answer
prehal_3000890_ee06f687b7b0f4fd_3092,google/gemma-4-E4B-it,prehal,shift,noise,unknown,valid_applicable_but_unusable_normalized_answer
prehal_3000901_05ed0e36a3715a30_3096,google/gemma-4-E4B-it,prehal,shift,blank,unknown,valid_applicable_but_unusable_normalized_answer
prehal_3000901_05ed0e36a3715a30_3096,google/gemma-4-E4B-it,prehal,shift,blur,unknown,valid_applicable_but_unusable_normalized_answer
prehal_3000984_292546d369485f1f_3125,google/gemma-4-E4B-it,prehal,shift,blank,unknown,valid_applicable_but_unusable_normalized_answer
prehal_3000984_292546d369485f1f_3125,google/gemma-4-E4B-it,prehal,shift,brightness,unknown,valid_applicable_but_unusable_normalized_answer
prehal_3001074_a380f9f3a4eeaa96_3165,google/gemma-4-E4B-it,prehal,shift,blank,unknown,valid_applicable_but_unusable_normalized_answer
prehal_3001154_4ad2923117c43af1_3180,google/gemma-4-E4B-it,prehal,shift,blank,unknown,valid_applicable_but_unusable_normalized_answer
prehal_3001284_0cb48c6b7aaa1ffa_3206,google/gemma-4-E4B-it,prehal,shift,blank,unknown,valid_applicable_but_unusable_normalized_answer
prehal_3001367_bb4222e6e0f4fb57_3261,google/gemma-4-E4B-it,prehal,shift,blank,unknown,valid_applicable_but_unusable_normalized_answer
prehal_3001403_c26925395158a767_3285,google/gemma-4-E4B-it,prehal,shift,blank,unknown,valid_applicable_but_unusable_normalized_answer
prehal_3001403_c26925395158a767_3285,google/gemma-4-E4B-it,prehal,shift,blur,unknown,valid_applicable_but_unusable_normalized_answer
prehal_3001423_570746c4cce5b55d_3296,google/gemma-4-E4B-it,prehal,shift,blank,unknown,valid_applicable_but_unusable_normalized_answer
prehal_3001438_a5ba18bbcc87990c_3306,google/gemma-4-E4B-it,prehal,shift,blank,unknown,valid_applicable_but_unusable_normalized_answer
prehal_3001462_66f30781d68497ef_3321,google/gemma-4-E4B-it,prehal,shift,blank,unknown,valid_applicable_but_unusable_normalized_answer
prehal_3001485_682735a568bc1600_3335,google/gemma-4-E4B-it,prehal,shift,blank,unknown,valid_applicable_but_unusable_normalized_answer
prehal_3001505_fc255b00dbf66aa6_3340,google/gemma-4-E4B-it,prehal,shift,blank,unknown,valid_applicable_but_unusable_normalized_answer
prehal_3001738_83523c0ff6188fae_3422,google/gemma-4-E4B-it,prehal,shift,blank,unknown,valid_applicable_but_unusable_normalized_answer
prehal_3001744_6826379e07bc8665_3426,google/gemma-4-E4B-it,prehal,shift,blank,unknown,valid_applicable_but_unusable_normalized_answer
prehal_3001751_069075da223b9e15_3430,google/gemma-4-E4B-it,prehal,shift,blank,unknown,valid_applicable_but_unusable_normalized_answer
prehal_3001757_7020e9ee50d9673d_3436,google/gemma-4-E4B-it,prehal,shift,blank,unknown,valid_applicable_but_unusable_normalized_answer
prehal_3001757_7020e9ee50d9673d_3436,google/gemma-4-E4B-it,prehal,shift,blur,unknown,valid_applicable_but_unusable_normalized_answer
prehal_3001791_8d08763cf7d9c5a0_3448,google/gemma-4-E4B-it,prehal,shift,blank,unknown,valid_applicable_but_unusable_normalized_answer
prehal_3001821_35ad0db9c117e264_3468,google/gemma-4-E4B-it,prehal,shift,blank,unknown,valid_applicable_but_unusable_normalized_answer
prehal_3001825_55a5b7057916e3d2_3472,google/gemma-4-E4B-it,prehal,shift,blank,unknown,valid_applicable_but_unusable_normalized_answer
prehal_3001901_595d5cc28c990279_3486,google/gemma-4-E4B-it,prehal,shift,blank,unknown,valid_applicable_but_unusable_normalized_answer
prehal_3001902_2a48ce9aad0fb21a_3487,google/gemma-4-E4B-it,prehal,shift,blank,unknown,valid_applicable_but_unusable_normalized_answer
prehal_3001922_e570fcc8f88c67b8_3502,google/gemma-4-E4B-it,prehal,shift,blank,unknown,valid_applicable_but_unusable_normalized_answer
prehal_3001923_abd03d763b963b43_3503,google/gemma-4-E4B-it,prehal,shift,blank,unknown,valid_applicable_but_unusable_normalized_answer
prehal_3001938_9f54f474ee48accd_3512,google/gemma-4-E4B-it,prehal,shift,blank,unknown,valid_applicable_but_unusable_normalized_answer
prehal_3001947_15320a82cf4d35bd_3518,google/gemma-4-E4B-it,prehal,shift,blank,unknown,valid_applicable_but_unusable_normalized_answer
prehal_3001962_a5750eb2b385137e_3528,google/gemma-4-E4B-it,prehal,shift,blank,unknown,valid_applicable_but_unusable_normalized_answer
prehal_345_ceb9117ab0bd396e_294,google/gemma-4-E4B-it,prehal,shift,blank,unknown,valid_applicable_but_unusable_normalized_answer
prehal_353c8610de9283c1_2495e972331a1bc8_6578,google/gemma-4-E4B-it,prehal,shift,blank,unknown,valid_applicable_but_unusable_normalized_answer
prehal_408_0b74c33401be55ce_101,google/gemma-4-E4B-it,prehal,shift,blank,unknown,valid_applicable_but_unusable_normalized_answer
prehal_4148b2126f0986a4_22cb7778c3443a8c_6759,google/gemma-4-E4B-it,prehal,shift,blank,unknown,valid_applicable_but_unusable_normalized_answer
prehal_434a52f2db875a77_9ec36dab20a9483d_6783,google/gemma-4-E4B-it,prehal,shift,blank,unknown,valid_applicable_but_unusable_normalized_answer
prehal_4423bc3fc1f1ea56_5923a731cd73f058_6799,google/gemma-4-E4B-it,prehal,shift,blank,unknown,valid_applicable_but_unusable_normalized_answer
prehal_474d01057a719339_f1568b1496638194_6839,google/gemma-4-E4B-it,prehal,shift,blank,unknown,valid_applicable_but_unusable_normalized_answer
prehal_487_76d6458eab8720e5_36,google/gemma-4-E4B-it,prehal,shift,blank,unknown,valid_applicable_but_unusable_normalized_answer
prehal_487_76d6458eab8720e5_36,google/gemma-4-E4B-it,prehal,shift,blur,unknown,valid_applicable_but_unusable_normalized_answer
prehal_48c23ee234f733eb_39c2fe1a4727c208_6852,google/gemma-4-E4B-it,prehal,shift,blank,unknown,valid_applicable_but_unusable_normalized_answer
prehal_4adb6d3f344b38fd_963994cd28894f12_6880,google/gemma-4-E4B-it,prehal,shift,blank,unknown,valid_applicable_but_unusable_normalized_answer
prehal_4dd63f111487406e_2ed0eaf489dcb5b3_6922,google/gemma-4-E4B-it,prehal,shift,blank,unknown,valid_applicable_but_unusable_normalized_answer
prehal_4dea4e5cd46ba41d_63e3bdc2a4de1f58_6924,google/gemma-4-E4B-it,prehal,shift,blank,unknown,valid_applicable_but_unusable_normalized_answer
prehal_4f25e56666f79025_a8e7dae9f2e4260f_6938,google/gemma-4-E4B-it,prehal,shift,blank,unknown,valid_applicable_but_unusable_normalized_answer
prehal_502b40f6e115b744_f12fc47a03c9791d_6950,google/gemma-4-E4B-it,prehal,shift,blank,unknown,valid_applicable_but_unusable_normalized_answer
prehal_5186be6866db2e1c_4a1ccde67a295c96_6973,google/gemma-4-E4B-it,prehal,shift,blank,unknown,valid_applicable_but_unusable_normalized_answer
prehal_57_0b938e38f48c4a52_3603,google/gemma-4-E4B-it,prehal,shift,blank,unknown,valid_applicable_but_unusable_normalized_answer
prehal_57_0b938e38f48c4a52_3603,google/gemma-4-E4B-it,prehal,shift,blur,unknown,valid_applicable_but_unusable_normalized_answer
prehal_584110c20a4695d9_74cf3e39dbd90540_7060,google/gemma-4-E4B-it,prehal,shift,blank,unknown,valid_applicable_but_unusable_normalized_answer
prehal_5e77e54ee62483fe_0353098bc3c874c9_7134,google/gemma-4-E4B-it,prehal,shift,blank,unknown,valid_applicable_but_unusable_normalized_answer
prehal_5e8fa680b8315d19_372259282694e2ed_7138,google/gemma-4-E4B-it,prehal,shift,blank,unknown,valid_applicable_but_unusable_normalized_answer
prehal_5fa0491945756036_a6bb37511251ac7a_7143,google/gemma-4-E4B-it,prehal,shift,blank,unknown,valid_applicable_but_unusable_normalized_answer
prehal_61362bfc3e9f61c1_98800992935bf1ed_7155,google/gemma-4-E4B-it,prehal,shift,blank,unknown,valid_applicable_but_unusable_normalized_answer
prehal_643c3cc1a4e85db2_66f633f51d5002e0_7184,google/gemma-4-E4B-it,prehal,shift,blank,unknown,valid_applicable_but_unusable_normalized_answer
prehal_64a40c0bc5e8a27a_5a90a53ad235f96e_7193,google/gemma-4-E4B-it,prehal,shift,blank,unknown,valid_applicable_but_unusable_normalized_answer
prehal_651_f2041e6c880e7378_383,google/gemma-4-E4B-it,prehal,shift,blank,unknown,valid_applicable_but_unusable_normalized_answer
prehal_655_2133a57af8a9e6c5_385,google/gemma-4-E4B-it,prehal,shift,blank,unknown,valid_applicable_but_unusable_normalized_answer
prehal_655_2133a57af8a9e6c5_385,google/gemma-4-E4B-it,prehal,shift,blur,unknown,valid_applicable_but_unusable_normalized_answer
prehal_676_0a10f16a73a6e0f2_400,google/gemma-4-E4B-it,prehal,shift,blank,unknown,valid_applicable_but_unusable_normalized_answer
prehal_6820ff23d807bd80_ff64bfc8ed1b7074_7234,google/gemma-4-E4B-it,prehal,shift,blank,unknown,valid_applicable_but_unusable_normalized_answer
prehal_68624a5135fb2f39_5a75cc2e3aafc1af_7237,google/gemma-4-E4B-it,prehal,shift,blank,unknown,valid_applicable_but_unusable_normalized_answer
prehal_690_d84a22e4f948fbb3_407,google/gemma-4-E4B-it,prehal,shift,blank,unknown,valid_applicable_but_unusable_normalized_answer
prehal_693d68e11b612718_947fe18cd512072c_7246,google/gemma-4-E4B-it,prehal,shift,blank,unknown,valid_applicable_but_unusable_normalized_answer
prehal_69_267a50bb92dc403c_213,google/gemma-4-E4B-it,prehal,shift,blank,unknown,valid_applicable_but_unusable_normalized_answer
prehal_6_8369b0cb1baf0848_3552,google/gemma-4-E4B-it,prehal,shift,blank,unknown,valid_applicable_but_unusable_normalized_answer
prehal_6cf3c2664ddb678f_f41af7028c6cf5ac_7273,google/gemma-4-E4B-it,prehal,shift,blank,unknown,valid_applicable_but_unusable_normalized_answer
prehal_708a077a553ade43_fe401224bb71da00_7313,google/gemma-4-E4B-it,prehal,shift,blank,unknown,valid_applicable_but_unusable_normalized_answer
prehal_70fe7760569e5baa_afb9c6cff4d69e11_7318,google/gemma-4-E4B-it,prehal,shift,blank,unknown,valid_applicable_but_unusable_normalized_answer
prehal_710_ddcfd56830574bba_417,google/gemma-4-E4B-it,prehal,shift,blank,unknown,valid_applicable_but_unusable_normalized_answer
prehal_710_ddcfd56830574bba_417,google/gemma-4-E4B-it,prehal,shift,blur,unknown,valid_applicable_but_unusable_normalized_answer
prehal_714_74662897ef3dca7c_420,google/gemma-4-E4B-it,prehal,shift,blank,unknown,valid_applicable_but_unusable_normalized_answer
prehal_72_33735bb7cf9f32bf_3618,google/gemma-4-E4B-it,prehal,shift,blank,unknown,valid_applicable_but_unusable_normalized_answer
prehal_731173d27e06b210_aa02f0d8bfb2b9d3_7341,google/gemma-4-E4B-it,prehal,shift,blank,unknown,valid_applicable_but_unusable_normalized_answer
prehal_748_42fad88572d56df7_437,google/gemma-4-E4B-it,prehal,shift,blank,unknown,valid_applicable_but_unusable_normalized_answer
prehal_748_42fad88572d56df7_437,google/gemma-4-E4B-it,prehal,shift,blur,unknown,valid_applicable_but_unusable_normalized_answer
prehal_75_9cb56125836f1fbe_218,google/gemma-4-E4B-it,prehal,shift,blank,unknown,valid_applicable_but_unusable_normalized_answer
prehal_75b5f85e46fcfcb1_53b4cd8cb53cadf4_7379,google/gemma-4-E4B-it,prehal,shift,blank,unknown,valid_applicable_but_unusable_normalized_answer
prehal_761_51d3fe89e8845b0f_442,google/gemma-4-E4B-it,prehal,shift,blank,unknown,valid_applicable_but_unusable_normalized_answer
prehal_761_51d3fe89e8845b0f_442,google/gemma-4-E4B-it,prehal,shift,blur,unknown,valid_applicable_but_unusable_normalized_answer
prehal_7_2cc3eaf7fc49492d_3553,google/gemma-4-E4B-it,prehal,shift,blank,unknown,valid_applicable_but_unusable_normalized_answer
prehal_7b02fb303dd328b1_561f5c8ad71a1203_7444,google/gemma-4-E4B-it,prehal,shift,blank,unknown,valid_applicable_but_unusable_normalized_answer
prehal_8181c7a25f6be571_b1afb82e4fc199e3_7520,google/gemma-4-E4B-it,prehal,shift,blank,unknown,valid_applicable_but_unusable_normalized_answer
prehal_835_2536cd7c0b12d4b3_120,google/gemma-4-E4B-it,prehal,shift,blank,unknown,valid_applicable_but_unusable_normalized_answer
prehal_835_2536cd7c0b12d4b3_120,google/gemma-4-E4B-it,prehal,shift,blur,unknown,valid_applicable_but_unusable_normalized_answer
prehal_83e99dc9e2f8a70c_0ec3288cba2dc6ea_7556,google/gemma-4-E4B-it,prehal,shift,blank,unknown,valid_applicable_but_unusable_normalized_answer
prehal_852_8a9f7ee9a62a0936_477,google/gemma-4-E4B-it,prehal,shift,blank,unknown,valid_applicable_but_unusable_normalized_answer
prehal_855dffdd4d2bb84e_fe2a62ecfea5a393_7577,google/gemma-4-E4B-it,prehal,shift,blank,unknown,valid_applicable_but_unusable_normalized_answer
prehal_856_c95e9bd99586e2e3_480,google/gemma-4-E4B-it,prehal,shift,blank,unknown,valid_applicable_but_unusable_normalized_answer
prehal_85caeec250076856_5a0b1e247a38e05c_7583,google/gemma-4-E4B-it,prehal,shift,blank,unknown,valid_applicable_but_unusable_normalized_answer
prehal_8b17a8c79a847ff2_1693a53a0bc078c6_7676,google/gemma-4-E4B-it,prehal,shift,blank,unknown,valid_applicable_but_unusable_normalized_answer
prehal_8c74211b512b477d_b6198d52792cf273_7697,google/gemma-4-E4B-it,prehal,shift,blank,unknown,valid_applicable_but_unusable_normalized_answer
prehal_8cbbf29fb9409478_cc2cd81adcf67ccd_7707,google/gemma-4-E4B-it,prehal,shift,blank,unknown,valid_applicable_but_unusable_normalized_answer
prehal_8f35e22d91721bdb_72ba2aa241c35370_7745,google/gemma-4-E4B-it,prehal,shift,blank,unknown,valid_applicable_but_unusable_normalized_answer
prehal_8f80cec055941ac8_c8570117de6defe8_7749,google/gemma-4-E4B-it,prehal,shift,blank,unknown,valid_applicable_but_unusable_normalized_answer
prehal_902_c002dd3a14c24d56_501,google/gemma-4-E4B-it,prehal,shift,blank,unknown,valid_applicable_but_unusable_normalized_answer
prehal_9210ce35abaef2d2_4f62ecb7153fe82c_7805,google/gemma-4-E4B-it,prehal,shift,blank,unknown,valid_applicable_but_unusable_normalized_answer
prehal_92c4c71c141773b1_6866c6c35baaeea0_7817,google/gemma-4-E4B-it,prehal,shift,blank,unknown,valid_applicable_but_unusable_normalized_answer
prehal_96beeed8de64f498_25a6340ff6e57db5_7875,google/gemma-4-E4B-it,prehal,shift,blank,unknown,valid_applicable_but_unusable_normalized_answer
prehal_98241d446930f23f_ad104be0283a9bf7_7897,google/gemma-4-E4B-it,prehal,shift,blank,unknown,valid_applicable_but_unusable_normalized_answer
prehal_988faa053516acfe_fe7e3ab9a8812f51_7909,google/gemma-4-E4B-it,prehal,shift,blank,unknown,valid_applicable_but_unusable_normalized_answer
prehal_98b5f6dcc72e8c29_70830e6d67683c0a_7914,google/gemma-4-E4B-it,prehal,shift,blank,unknown,valid_applicable_but_unusable_normalized_answer
prehal_9_e4d3e30bbcb60188_185,google/gemma-4-E4B-it,prehal,shift,blank,unknown,valid_applicable_but_unusable_normalized_answer
prehal_9_e4d3e30bbcb60188_185,google/gemma-4-E4B-it,prehal,shift,blur,unknown,valid_applicable_but_unusable_normalized_answer
prehal_9_e4d3e30bbcb60188_185,google/gemma-4-E4B-it,prehal,shift,crop,unknown,valid_applicable_but_unusable_normalized_answer
prehal_9b868d5b233e8f50_f7d4313d310e3686_7958,google/gemma-4-E4B-it,prehal,shift,blank,unknown,valid_applicable_but_unusable_normalized_answer
prehal_9b9e2f451a937505_89253adf5ded1882_7961,google/gemma-4-E4B-it,prehal,shift,blank,unknown,valid_applicable_but_unusable_normalized_answer
prehal_9d42af30c97b8e32_d40179460e7b6e50_7986,google/gemma-4-E4B-it,prehal,shift,blank,unknown,valid_applicable_but_unusable_normalized_answer
prehal_a1ff26ac2862030b_189406cc688be8ec_8054,google/gemma-4-E4B-it,prehal,shift,blank,unknown,valid_applicable_but_unusable_normalized_answer
prehal_a2899eaa44b16d0d_9840433f33c52a7b_8065,google/gemma-4-E4B-it,prehal,shift,blank,unknown,valid_applicable_but_unusable_normalized_answer
prehal_a5d472f1030b942f_f27064edf042d7e7_8107,google/gemma-4-E4B-it,prehal,shift,blank,unknown,valid_applicable_but_unusable_normalized_answer
prehal_a9a1bda7e943bb4e_f93fd09f47705be6_8155,google/gemma-4-E4B-it,prehal,shift,blank,unknown,valid_applicable_but_unusable_normalized_answer
prehal_ab40e0b2d821b440_c55324a22ea8f800_8186,google/gemma-4-E4B-it,prehal,shift,blank,unknown,valid_applicable_but_unusable_normalized_answer
prehal_ab46f7ec075d89ae_b4695b03f4d67ed2_8187,google/gemma-4-E4B-it,prehal,shift,blank,unknown,valid_applicable_but_unusable_normalized_answer
prehal_b175fc0d52f4e9af_279cc402f72945e0_8262,google/gemma-4-E4B-it,prehal,shift,blank,unknown,valid_applicable_but_unusable_normalized_answer
prehal_b22b89073480191e_56e2a6008fcf2b7a_8273,google/gemma-4-E4B-it,prehal,shift,blank,unknown,valid_applicable_but_unusable_normalized_answer
prehal_b29c5fb9bf8b4cf7_2a03b8b3c72c9f42_8277,google/gemma-4-E4B-it,prehal,shift,blank,unknown,valid_applicable_but_unusable_normalized_answer
prehal_b7d1ffbaf5fb4ca0_ce2663ebfb1bc05e_8332,google/gemma-4-E4B-it,prehal,shift,blank,unknown,valid_applicable_but_unusable_normalized_answer
prehal_ba5b07a828abfc0e_429d994bf72237bf_8357,google/gemma-4-E4B-it,prehal,shift,blank,unknown,valid_applicable_but_unusable_normalized_answer
prehal_bc857cdddd5c152e_223858f292faf102_8394,google/gemma-4-E4B-it,prehal,shift,blank,unknown,valid_applicable_but_unusable_normalized_answer
prehal_c073c3cf1ff452ec_3f6f68b51418900c_8450,google/gemma-4-E4B-it,prehal,shift,blank,unknown,valid_applicable_but_unusable_normalized_answer
prehal_c3fd5f3c65c29839_2da4170fe58d32bc_8506,google/gemma-4-E4B-it,prehal,shift,blank,unknown,valid_applicable_but_unusable_normalized_answer
prehal_c4047ac98ed729d7_4f1c21fc0395d79e_8508,google/gemma-4-E4B-it,prehal,shift,blank,unknown,valid_applicable_but_unusable_normalized_answer
prehal_c48cdf9da3e5097e_b620118ac03e97d2_8512,google/gemma-4-E4B-it,prehal,shift,blank,unknown,valid_applicable_but_unusable_normalized_answer
prehal_c6fa0a8fcd9961f1_bbe8d61a25d9e36b_8543,google/gemma-4-E4B-it,prehal,shift,blank,unknown,valid_applicable_but_unusable_normalized_answer
prehal_c7c6b8914ff6e902_bcc969406ea9e252_8555,google/gemma-4-E4B-it,prehal,shift,blank,unknown,valid_applicable_but_unusable_normalized_answer
prehal_c87119e80bfc919a_89eece694350aaa4_8567,google/gemma-4-E4B-it,prehal,shift,blank,unknown,valid_applicable_but_unusable_normalized_answer
prehal_cc258d5fd4cde121_4593f761070af2f6_8617,google/gemma-4-E4B-it,prehal,shift,blank,unknown,valid_applicable_but_unusable_normalized_answer
prehal_ce10b909451393b7_a43d4e474d24c111_8640,google/gemma-4-E4B-it,prehal,shift,blank,unknown,valid_applicable_but_unusable_normalized_answer
prehal_cf1553fd488509b5_0725a525576057ca_8660,google/gemma-4-E4B-it,prehal,shift,blank,unknown,valid_applicable_but_unusable_normalized_answer
prehal_d1d61f08ef8a2186_1854e59e4b98ef8b_8704,google/gemma-4-E4B-it,prehal,shift,blank,unknown,valid_applicable_but_unusable_normalized_answer
prehal_d2d5e5cc2b420898_2b0902d760d02158_8719,google/gemma-4-E4B-it,prehal,shift,blank,unknown,valid_applicable_but_unusable_normalized_answer
prehal_d46ed93ec5041c0c_b2e7558f4d6ed49f_8743,google/gemma-4-E4B-it,prehal,shift,blank,unknown,valid_applicable_but_unusable_normalized_answer
prehal_d52f68ba4a1d8bdd_bbc7f29731813a65_8746,google/gemma-4-E4B-it,prehal,shift,blank,unknown,valid_applicable_but_unusable_normalized_answer
prehal_d5f08b8d5ed6055f_67f9b0f464583678_8751,google/gemma-4-E4B-it,prehal,shift,blank,unknown,valid_applicable_but_unusable_normalized_answer
prehal_da18b0ddaea31637_7fa6e9451805646d_8830,google/gemma-4-E4B-it,prehal,shift,blank,unknown,valid_applicable_but_unusable_normalized_answer
prehal_db2682e944a9915c_e87c4ae4d46c555e_8847,google/gemma-4-E4B-it,prehal,shift,blank,unknown,valid_applicable_but_unusable_normalized_answer
prehal_db46e0a40b88e6ec_24a560f7ed95d440_8849,google/gemma-4-E4B-it,prehal,shift,blank,unknown,valid_applicable_but_unusable_normalized_answer
prehal_dbbb6bf66be0d2a7_e5e391c81c8ef071_8851,google/gemma-4-E4B-it,prehal,shift,blank,unknown,valid_applicable_but_unusable_normalized_answer
prehal_dcdd424743321b4d_75cd0ec86b4ba31c_8863,google/gemma-4-E4B-it,prehal,shift,blank,unknown,valid_applicable_but_unusable_normalized_answer
prehal_dd8a7bf210628fd7_a1b966441dec135b_8876,google/gemma-4-E4B-it,prehal,shift,blank,unknown,valid_applicable_but_unusable_normalized_answer
prehal_e3a9a7bcaa072079_be470c61f9ebf64c_8926,google/gemma-4-E4B-it,prehal,shift,blank,unknown,valid_applicable_but_unusable_normalized_answer
prehal_e517b5451173ec70_53e5a36536b50ba2_8956,google/gemma-4-E4B-it,prehal,shift,blank,unknown,valid_applicable_but_unusable_normalized_answer
prehal_e671284913c2cb97_17b6ffab8bd08698_8981,google/gemma-4-E4B-it,prehal,shift,blank,unknown,valid_applicable_but_unusable_normalized_answer
prehal_e7bf630c163e9cbe_b880055fc2c6f9e8_8999,google/gemma-4-E4B-it,prehal,shift,blank,unknown,valid_applicable_but_unusable_normalized_answer
prehal_e7fb35c51116b2c6_0a3315843a58e6c2_9003,google/gemma-4-E4B-it,prehal,shift,blank,unknown,valid_applicable_but_unusable_normalized_answer
prehal_e881775b897cafa8_de8284763fe94a37_9015,google/gemma-4-E4B-it,prehal,shift,blank,unknown,valid_applicable_but_unusable_normalized_answer
prehal_ea540fa430f4b598_31011dc3429bf7c2_9033,google/gemma-4-E4B-it,prehal,shift,blank,unknown,valid_applicable_but_unusable_normalized_answer
prehal_ec724ef6386c46fd_331ffa6e67a80703_9057,google/gemma-4-E4B-it,prehal,shift,blank,unknown,valid_applicable_but_unusable_normalized_answer
prehal_f12da65ede4f822a_e66dcb8f6bf6f5f4_9131,google/gemma-4-E4B-it,prehal,shift,blank,unknown,valid_applicable_but_unusable_normalized_answer
prehal_f19ecb261dd1a702_48bb5f7edb1b01fb_9136,google/gemma-4-E4B-it,prehal,shift,blank,unknown,valid_applicable_but_unusable_normalized_answer
prehal_fbe919ab59149dda_b9c089bf5eec52fc_9256,google/gemma-4-E4B-it,prehal,shift,blank,unknown,valid_applicable_but_unusable_normalized_answer
prehal_fd4a7ccc44a52da7_e37dae164eab0889_9276,google/gemma-4-E4B-it,prehal,shift,blank,unknown,valid_applicable_but_unusable_normalized_answer
prehal_1001664_fd9f14d44d478a65_1762,google/gemma-4-E4B-it,prehal,shift,blank,unknown,valid_applicable_but_unusable_normalized_answer
prehal_1001664_fd9f14d44d478a65_1762,google/gemma-4-E4B-it,prehal,shift,blur,unknown,valid_applicable_but_unusable_normalized_answer
prehal_1001664_fd9f14d44d478a65_1762,google/gemma-4-E4B-it,prehal,shift,crop,unknown,valid_applicable_but_unusable_normalized_answer
prehal_1001664_fd9f14d44d478a65_1762,google/gemma-4-E4B-it,prehal,shift,brightness,unknown,valid_applicable_but_unusable_normalized_answer
prehal_1001664_fd9f14d44d478a65_1762,google/gemma-4-E4B-it,prehal,shift,noise,unknown,valid_applicable_but_unusable_normalized_answer
prehal_2000339_52558dc7a0314770_2123,google/gemma-4-E4B-it,prehal,shift,blank,unknown,valid_applicable_but_unusable_normalized_answer
prehal_2000339_52558dc7a0314770_2123,google/gemma-4-E4B-it,prehal,shift,blur,unknown,valid_applicable_but_unusable_normalized_answer
prehal_2000339_52558dc7a0314770_2123,google/gemma-4-E4B-it,prehal,shift,crop,unknown,valid_applicable_but_unusable_normalized_answer
prehal_2000339_52558dc7a0314770_2123,google/gemma-4-E4B-it,prehal,shift,brightness,unknown,valid_applicable_but_unusable_normalized_answer
prehal_2000339_52558dc7a0314770_2123,google/gemma-4-E4B-it,prehal,shift,noise,unknown,valid_applicable_but_unusable_normalized_answer
prehal_2001774_ae04e5a48406644a_2679,google/gemma-4-E4B-it,prehal,shift,blank,unknown,valid_applicable_but_unusable_normalized_answer
prehal_2001774_ae04e5a48406644a_2679,google/gemma-4-E4B-it,prehal,shift,blur,unknown,valid_applicable_but_unusable_normalized_answer
illusionbench_10024021_4,google/gemma-4-E4B-it,illusionbench,shift,blank,unknown,valid_applicable_but_unusable_normalized_answer
illusionbench_10024021_4,google/gemma-4-E4B-it,illusionbench,shift,blur,unknown,valid_applicable_but_unusable_normalized_answer
illusionbench_10024021_4,google/gemma-4-E4B-it,illusionbench,shift,crop,unknown,valid_applicable_but_unusable_normalized_answer
illusionbench_10024021_4,google/gemma-4-E4B-it,illusionbench,shift,brightness,unknown,valid_applicable_but_unusable_normalized_answer
illusionbench_10024021_4,google/gemma-4-E4B-it,illusionbench,shift,noise,unknown,valid_applicable_but_unusable_normalized_answer
illusionbench_10031006_3,google/gemma-4-E4B-it,illusionbench,shift,blank,unknown,valid_applicable_but_unusable_normalized_answer
illusionbench_10078012_2,google/gemma-4-E4B-it,illusionbench,shift,blank,unknown,valid_applicable_but_unusable_normalized_answer
illusionbench_10078012_2,google/gemma-4-E4B-it,illusionbench,shift,crop,unknown,valid_applicable_but_unusable_normalized_answer
illusionbench_10080002_3,google/gemma-4-E4B-it,illusionbench,shift,blank,unknown,valid_applicable_but_unusable_normalized_answer
illusionbench_10081014_2,google/gemma-4-E4B-it,illusionbench,shift,blank,unknown,valid_applicable_but_unusable_normalized_answer
illusionbench_10082003_4,google/gemma-4-E4B-it,illusionbench,shift,blank,unknown,valid_applicable_but_unusable_normalized_answer
illusionbench_10082003_4,google/gemma-4-E4B-it,illusionbench,shift,blur,unknown,valid_applicable_but_unusable_normalized_answer
illusionbench_10082003_4,google/gemma-4-E4B-it,illusionbench,shift,crop,unknown,valid_applicable_but_unusable_normalized_answer
illusionbench_10082003_4,google/gemma-4-E4B-it,illusionbench,shift,brightness,unknown,valid_applicable_but_unusable_normalized_answer
illusionbench_10107029_4,google/gemma-4-E4B-it,illusionbench,shift,blank,unknown,valid_applicable_but_unusable_normalized_answer
illusionbench_10107029_4,google/gemma-4-E4B-it,illusionbench,shift,blur,unknown,valid_applicable_but_unusable_normalized_answer
illusionbench_10107029_4,google/gemma-4-E4B-it,illusionbench,shift,crop,unknown,valid_applicable_but_unusable_normalized_answer
illusionbench_10107029_4,google/gemma-4-E4B-it,illusionbench,shift,brightness,unknown,valid_applicable_but_unusable_normalized_answer
illusionbench_10107029_4,google/gemma-4-E4B-it,illusionbench,shift,noise,unknown,valid_applicable_but_unusable_normalized_answer
