state_id,dataset,model_id,subset_size,permutation_count,js_drift,bit_l1_drift,hidden_relative_l2_drift,set_disagreement
state:e7bc7d49b3da95bc088346dd,vizwiz,Qwen/Qwen3-VL-8B-Instruct,4,10.0,0.027179240884071053,0.14322382617741822,0.10515433388967504,0.5333333333333333
state:63764a61ff0b4777417877fc,pope,Qwen/Qwen3-VL-8B-Instruct,3,6.0,3.322897812134173e-05,0.016014122300677825,0.035315584304065395,0.0
state:00038b03c9ba7f8545ba9914,vizwiz,google/gemma-4-E4B-it,4,10.0,3.6876951515623464e-10,0.00014211654663085494,0.04035036370312558,0.0
state:099fb4ec110bc1bd70c25b7b,pope,Qwen/Qwen3-VL-8B-Instruct,2,2.0,1.0272437259351935e-05,0.0013784170150756836,0.09628063363560904,0.5
state:ba25346cd158d27d18b49b82,vizwiz,Qwen/Qwen3-VL-8B-Instruct,3,6.0,2.589873647060293e-05,0.06022740403811135,0.12055823562366738,0.33333333333333337
state:d97bd4421760d20fac3f7e1b,vizwiz,Qwen/Qwen3-VL-8B-Instruct,3,6.0,2.1993004677914264e-07,0.001526196797688802,0.057318293766594156,0.0
state:7f05d28ecd2d255d8f2ba857,pope,google/gemma-4-E4B-it,3,6.0,0.004735830531078393,0.06423407885853925,0.11767277946289148,0.11111111111111127
state:3a8fdf10b6741b5fa6ca409e,vizwiz,Qwen/Qwen3-VL-8B-Instruct,4,10.0,8.982173759974657e-05,0.053107500672340394,0.09374748340277551,0.0
state:e34a7543c705a7902c11bdb9,hallusionbench,Qwen/Qwen3-VL-8B-Instruct,3,6.0,0.00037341868344611446,0.008820008881027927,0.0907997826459047,0.20000000000000007
state:3d05c3ec5396bcf81e37d32c,pope,google/gemma-4-E4B-it,3,6.0,2.339222433554757e-05,0.0024068504571914673,0.09404217210435442,0.2666666666666667
state:723d74498aaac45fef61c00d,hallusionbench,Qwen/Qwen3-VL-8B-Instruct,3,6.0,0.014107875374599064,0.25901394585768384,0.16797082233834276,0.33333333333333337
state:8588a997f8559c3735d14eec,hallusionbench,Qwen/Qwen3-VL-8B-Instruct,3,6.0,0.001503659754009494,0.05534572713077068,0.09935116277524833,0.0
state:114cc88ad2c5fcfe7767b440,vizwiz,google/gemma-4-E4B-it,3,6.0,1.1581949396959704e-08,0.0016663869222005208,0.05008136581788521,0.0
state:8e5c601835141b0317d433c2,pope,google/gemma-4-E4B-it,4,10.0,0.0002171786448500477,0.0074041749024763666,0.06979676752752655,0.32592592592592595
state:34b3d8fc1d2a894d66083ece,pope,google/gemma-4-E4B-it,4,10.0,0.0009941714984938233,0.02562103599309921,0.08161926690718291,0.0
state:ea31ce341c7f641473693b20,vizwiz,google/gemma-4-E4B-it,2,2.0,3.4896046154214674e-06,0.02101781964302063,0.028175515492120575,0.0
state:123ee26361daed4653c76834,pope,Qwen/Qwen3-VL-8B-Instruct,3,6.0,1.844193716196225e-05,0.007952099045117697,0.024385077084755073,0.0
state:87b3b15ddcf46a8a2421f364,vizwiz,Qwen/Qwen3-VL-8B-Instruct,4,10.0,1.8734679161609015e-06,0.12773158073425292,0.10693500927772681,0.0
state:c76defa5415142cf7d9d3495,pope,google/gemma-4-E4B-it,3,6.0,0.0035688638979131243,0.03413223514200404,0.12361194493674646,0.11999999999999977
state:7a42c43a1125da27a5f1930d,vizwiz,google/gemma-4-E4B-it,2,2.0,6.335234584245738e-06,0.00040702481783227995,0.06793536520181875,0.0
state:1fb24d2272d1814a772ff799,vizwiz,Qwen/Qwen3-VL-8B-Instruct,2,2.0,6.259163395708921e-05,0.009431033948203549,0.022190520175786644,0.0
state:205848e35e7110a0470f67dc,vizwiz,google/gemma-4-E4B-it,2,2.0,9.411309916218154e-11,0.00012609362602233887,0.045612351528969926,0.0
state:de616dd1eb75f95c6c2fa50a,pope,Qwen/Qwen3-VL-8B-Instruct,2,2.0,5.546718865938487e-07,0.0011860579252243042,0.00543131131740149,0.0
state:221d17dfa73aa7fd7dae5f0b,vsr,Qwen/Qwen3-VL-8B-Instruct,4,10.0,0.0015069913407189594,0.04397576138377192,0.07928992681437343,0.06666666666666665
state:e77444dc2a2da9b9f63f4e2e,vizwiz,Qwen/Qwen3-VL-8B-Instruct,4,10.0,0.0011222399197022591,0.0198462503205519,0.12110787526548238,0.2666666666666667
state:2d7c1ddc0d4ec658ae3c63ed,hallusionbench,google/gemma-4-E4B-it,2,2.0,0.0018520438316500074,0.0702296681702137,0.09623879247133087,0.33333333333333337
state:0796631216b5268e9654db69,vizwiz,google/gemma-4-E4B-it,3,6.0,1.9106316563602175e-05,0.021344314018885296,0.030586530037012123,0.0
state:debd0aad4e50ec69a42dedc8,vizwiz,google/gemma-4-E4B-it,3,6.0,9.443372592161834e-10,0.0001408358414967855,0.047309232456171045,0.0
state:2485395c8b9e7c4b09e10b06,hallusionbench,Qwen/Qwen3-VL-8B-Instruct,3,6.0,0.018166515674792907,0.17035667598247528,0.24053229754032723,0.24444444444444458
state:e9357025b0533d4d7c0d933c,pope,Qwen/Qwen3-VL-8B-Instruct,3,6.0,3.76441095457592e-05,0.009292463461558015,0.019240951185733064,0.0
state:e2ed3ff72caab4d6971d9f67,pope,Qwen/Qwen3-VL-8B-Instruct,4,10.0,5.283755751798719e-05,0.0029468008503317827,0.09923348159643797,0.3777777777777779
state:263423db949d044ee3d5f8ee,vizwiz,Qwen/Qwen3-VL-8B-Instruct,2,2.0,0.0006586682654150561,0.020179290790110826,0.09916407258751656,0.0
state:0b304887d44bceeed4b94e93,hallusionbench,Qwen/Qwen3-VL-8B-Instruct,2,2.0,0.00011826866391123095,0.0263787554576993,0.050778517711199414,0.0
state:d49fadee76b306f9febf49fd,vizwiz,Qwen/Qwen3-VL-8B-Instruct,3,6.0,0.00017459272061477241,0.0007706713256791694,0.09727081582614049,0.2222222222222221
state:2d37f372623ad181dbc3cba8,vizwiz,google/gemma-4-E4B-it,3,6.0,5.4473247798496e-06,0.02146273189120823,0.03022355779735685,0.0
state:08fbfc063a8810bb2248c032,vsr,Qwen/Qwen3-VL-8B-Instruct,2,2.0,0.00045591318723563483,0.04291625783298514,0.09063364571846257,0.0
state:7cdb2a72931e93f1e4911c9b,pope,google/gemma-4-E4B-it,4,10.0,0.00016003851456884073,0.0049962136149406255,0.07764059689056027,0.3407407407407408
state:058cc1ebe7c4455619e2a3b3,vizwiz,Qwen/Qwen3-VL-8B-Instruct,3,6.0,0.00016439634567293453,0.013913783762190055,0.07073739632190242,0.2666666666666667
state:6680f5d2c5e5bf0e7977cadb,vizwiz,Qwen/Qwen3-VL-8B-Instruct,2,2.0,0.00013084022551784454,0.0076994928531348705,0.030469335079381873,0.0
state:5e13aaf1034d289ffc517c16,vizwiz,google/gemma-4-E4B-it,4,10.0,6.572978681065858e-10,0.00021777629852295365,0.04743556292442697,0.0
state:31a96d037c385b02fd447bc1,pope,google/gemma-4-E4B-it,2,2.0,0.0008490736762846948,0.022957807639613748,0.10310629030071342,0.0
state:8ec9599a4b3d8ebcf078ff65,pope,google/gemma-4-E4B-it,2,2.0,0.00010542818497081347,0.0280314888805151,0.034515349298218735,0.0
state:02f6887381647311a799c395,vizwiz,google/gemma-4-E4B-it,3,6.0,8.449960690952496e-07,0.001360753378119423,0.06298556514957343,0.0
state:a7efc824080fc9ac82429dc4,pope,google/gemma-4-E4B-it,4,10.0,0.00025126567901606687,0.02893807258456945,0.1427581581023656,0.0
state:ef32fffaf72325b55547efac,pope,google/gemma-4-E4B-it,4,10.0,0.0006237371647950466,0.018923425562679768,0.08533055631718557,0.17777777777777792
state:2e4a5f1f8c2752657ef1cfb4,hallusionbench,google/gemma-4-E4B-it,2,2.0,2.018840180133413e-06,0.013909444212913513,0.06773851206929685,0.0
state:0be47730770e893d988fb8ad,pope,google/gemma-4-E4B-it,2,2.0,8.134479256164905e-05,0.01991107687354088,0.06265335048584458,0.0
state:fc6a86b3d3f851df07a256b1,pope,google/gemma-4-E4B-it,3,6.0,0.0004996454927301281,0.014948256003359953,0.09814139764553347,0.0
state:96dfb73ceb51f735c37cbf34,pope,Qwen/Qwen3-VL-8B-Instruct,3,6.0,0.00014657396362398634,0.012224570796307585,0.03847013775277945,0.0
state:a5298375e392906d3714cc38,pope,Qwen/Qwen3-VL-8B-Instruct,2,2.0,0.0006349667315428218,0.019901538267731667,0.09959579575811478,0.0
state:5cc6e41e6bfdd4c9140b46da,pope,google/gemma-4-E4B-it,2,2.0,0.00017461641807370787,0.006238989066332579,0.06601617072877693,0.0
state:d34927a91744602a75aa6f31,hallusionbench,google/gemma-4-E4B-it,2,2.0,0.00028135363945195376,0.0100588109344244,0.07410764212221478,0.5
state:b4ecd04fdaaafced25075e8f,hallusionbench,Qwen/Qwen3-VL-8B-Instruct,2,2.0,0.00044287671877880886,0.042093947529792786,0.06285753880648769,0.0
state:4490904c8b774c22e387ab10,pope,google/gemma-4-E4B-it,2,2.0,4.3460028274012825e-05,0.0014268765226006508,0.037788097664793165,0.0
state:19a0699ff6031e0ed3dfce7c,pope,google/gemma-4-E4B-it,2,2.0,1.9589151028533272e-05,0.018102390691637993,0.034496233917555914,0.0
state:f57824625eb56417720a2f87,vizwiz,Qwen/Qwen3-VL-8B-Instruct,2,2.0,0.0007424391660608649,0.030704686418175697,0.10917080374841003,0.33333333333333337
state:14b641911197f0ac1f5a4a1f,vizwiz,google/gemma-4-E4B-it,2,2.0,9.114491629980349e-07,0.012077420949935913,0.03542831927538637,0.0
state:46d823f8a1a87c499665ea17,hallusionbench,google/gemma-4-E4B-it,4,10.0,3.7919834428645463e-05,0.016981551945209516,0.043114643898785034,0.0
state:6985528f3b4a67f4d6c5ab03,pope,Qwen/Qwen3-VL-8B-Instruct,3,6.0,0.0035007610774165595,0.029921061981958198,0.1757001194734247,0.2977777777777777
state:62063b4ece24ff15bf28a47c,vizwiz,google/gemma-4-E4B-it,4,10.0,3.5366925982337595e-06,0.010929006338119506,0.04113300133974866,0.0
state:e0b508528a6303a6edcf9e67,pope,Qwen/Qwen3-VL-8B-Instruct,3,6.0,0.00010152697322859783,0.0035820495751169115,0.09130335981412328,0.2666666666666667
state:e8612618056b15251010b2d5,vizwiz,Qwen/Qwen3-VL-8B-Instruct,3,6.0,0.002249025738503897,0.07626971080632454,0.0850072230194248,0.0
state:f5d77a67caef025f5d87ba69,pope,Qwen/Qwen3-VL-8B-Instruct,3,6.0,0.003475702817654842,0.03239557986522515,0.17638184437327983,0.2977777777777777
state:19ab6d3c37463126a43d7177,pope,google/gemma-4-E4B-it,2,2.0,0.0005855067157133978,0.04879095834075997,0.09995542451231071,0.0
state:ca12e4440501678cf3aa38b5,pope,Qwen/Qwen3-VL-8B-Instruct,4,10.0,0.00026529385227424634,0.0088590276427567,0.10116541850752209,0.3777777777777779
state:39f9fbddcd9f39915776ec38,vizwiz,google/gemma-4-E4B-it,4,10.0,7.133910096477014e-10,0.00015152812004088912,0.04502770990930427,0.0
state:7cefcf6d309779b2af2002d2,pope,Qwen/Qwen3-VL-8B-Instruct,4,10.0,9.596814149628271e-05,0.0036930151702836075,0.06579885114593034,0.27407407407407414
state:654e5d8dc89e69adab6b20e0,vizwiz,google/gemma-4-E4B-it,4,10.0,2.214670813776644e-06,0.011348979473114019,0.03858514461139363,0.0
state:aca2f6476d1357ceeb5cdd25,pope,google/gemma-4-E4B-it,2,2.0,3.133579645416867e-05,0.0010293610394001007,0.038455671522867836,0.0
state:ea6fc1a4d8586d2c610735da,pope,google/gemma-4-E4B-it,2,2.0,0.0020944811723275234,0.0511531550437212,0.09559712794809866,0.0
state:edf55a0c2c45c8208a144fb4,vizwiz,Qwen/Qwen3-VL-8B-Instruct,2,2.0,1.409853225250457e-06,0.000443827360868454,0.009065978775119695,0.0
state:e3bea892accaecce0529910b,pope,Qwen/Qwen3-VL-8B-Instruct,2,2.0,0.00015430019446086515,0.001695797749562189,0.0747143974081223,0.0
state:e7ceb206b5766e6205d83334,vizwiz,Qwen/Qwen3-VL-8B-Instruct,3,6.0,8.667456642902905e-06,0.007908643119865019,0.04853485513685939,0.0
state:aa13950bbc51a3a5bd02ccb5,pope,Qwen/Qwen3-VL-8B-Instruct,4,10.0,9.340373253377885e-05,0.002737226150929919,0.07489913489656129,0.1777777777777778
state:a9a1da07398c3c0766bf106f,vizwiz,Qwen/Qwen3-VL-8B-Instruct,2,2.0,0.0005130071400537347,0.00642301641710219,0.10543744234682612,0.33333333333333337
state:0e8e725025783f4ff8ba76b3,hallusionbench,google/gemma-4-E4B-it,4,10.0,0.0006198248276804159,0.0010060825278560513,0.09652007534031765,0.0
state:9dee6cf821076503a82d7415,pope,Qwen/Qwen3-VL-8B-Instruct,3,6.0,0.0010547864245621333,0.02038860712976506,0.09241774847594464,0.0
state:0a362de1375ce91544453fcf,vizwiz,Qwen/Qwen3-VL-8B-Instruct,4,10.0,2.3320071040367115e-05,0.051807611552067104,0.127693092917794,0.0
state:ac97e99c6363127f24db0359,pope,google/gemma-4-E4B-it,4,10.0,0.0008479300313547989,0.01880019435659051,0.08979267009446977,0.15555555555555556
state:eae8866d53843b29861a955c,vizwiz,Qwen/Qwen3-VL-8B-Instruct,4,10.0,4.359126230935488e-05,0.02566748881945386,0.12610836233119727,0.0
state:f0c7db9d2d9bd6068e4fcab5,pope,Qwen/Qwen3-VL-8B-Instruct,3,6.0,0.0002628817447229902,0.017980674019781873,0.12458306775128532,0.0
state:894f0a56efad7fef37515509,vizwiz,Qwen/Qwen3-VL-8B-Instruct,3,6.0,0.0005657224608224138,0.03691099628081751,0.14988947649940074,0.0
state:57c2ce0b8bf295b3ab7f2bf7,pope,google/gemma-4-E4B-it,4,10.0,0.0007252209865352616,0.017191241309046746,0.09712258848162444,0.0
state:9430240adfe1e9299a6dd68b,pope,google/gemma-4-E4B-it,4,10.0,0.0002636714335505626,0.006873828410170972,0.07150822278616535,0.23333333333333328
state:697f5e45e8bb25a44fc0031e,vizwiz,Qwen/Qwen3-VL-8B-Instruct,4,10.0,6.259480395456895e-07,0.0016337212920188803,0.012545348909863547,0.0
state:e1d527993faa84c5dd11529a,pope,Qwen/Qwen3-VL-8B-Instruct,3,6.0,0.000170897482951421,0.006348184620340665,0.042033460729901224,0.0
state:5d0602a7022651492bf73ab4,pope,google/gemma-4-E4B-it,4,10.0,7.661150322289513e-05,0.01139872670173645,0.06866391526448744,0.3555555555555555
state:1d4768fa6dd29e0a385c96d2,pope,google/gemma-4-E4B-it,3,6.0,0.0006320415715378525,0.017363914443800848,0.1029611872963467,0.0
state:630c1387075bf307e007132e,vizwiz,google/gemma-4-E4B-it,4,10.0,2.5791670831667612e-06,0.0486714507415309,0.10620468263956277,0.5333333333333333
state:af03a02e69df61c7a011bdf7,vizwiz,google/gemma-4-E4B-it,4,10.0,8.148598092259472e-08,0.003063668012619014,0.0923316267136521,0.0
state:5be673a8c0554719795b1fac,vizwiz,Qwen/Qwen3-VL-8B-Instruct,3,6.0,9.795253570804486e-06,0.006857012915942391,0.03233412511442801,0.0
state:fda69f056650cd8f6e657b2d,pope,Qwen/Qwen3-VL-8B-Instruct,3,6.0,0.0004038678380786927,0.028616846702385,0.12558734098703886,0.0
state:87619b0a87de9ab9f9005d7a,vizwiz,google/gemma-4-E4B-it,3,6.0,1.2361307105130535e-05,0.010573508010970234,0.03922405898597473,0.0
state:bf0887b64308fb85ea984bce,pope,Qwen/Qwen3-VL-8B-Instruct,2,2.0,4.946569057961902e-07,0.0003362521529197693,0.006170301520329682,0.0
state:e00d108e1271cef50e118f34,pope,google/gemma-4-E4B-it,2,2.0,6.673591130287469e-05,0.010476421564817429,0.029997876953828665,0.0
state:bb8e13927d76f298d7967acc,vizwiz,google/gemma-4-E4B-it,4,10.0,7.777809295817368e-06,0.04370660185813903,0.05002477538459086,0.0
state:ea82711e65aa1cdeabad26bf,vizwiz,Qwen/Qwen3-VL-8B-Instruct,3,6.0,0.0002258442597623179,0.0025264955568976197,0.08896217329854772,0.0
state:391e5f9ca0375fe20e8584fc,vsr,Qwen/Qwen3-VL-8B-Instruct,4,10.0,0.0011095784296995172,0.04039312918538827,0.11594421806437426,0.11111111111111127
state:3d966454ecb2afe22006ec10,vizwiz,Qwen/Qwen3-VL-8B-Instruct,3,6.0,0.00018766533657486157,0.0048282909637135845,0.11011948170957717,0.0
state:760261d9820fdade669ca06f,vsr,Qwen/Qwen3-VL-8B-Instruct,4,10.0,0.0022126050395439045,0.0636501943040639,0.09749874086716247,0.0
